家犁瘤,汲摹格利,墨皋扼措荐,汲摹斥岿
力林,促格利,12,2018-04
力林,促格利,34,2018-04
力林,促格利,7,2018-04
力林,促格利,53,2018-04
力林,促格利,5,2018-04
力林,促格利,5,2018-04
力林,促格利,2,2018-04
力林,促格利,2,2018-04
力林,促格利,2,2018-04
力林,促格利,2,2018-04
力林,促格利,2,2018-04
力林,促格利,764,2018-04
力林,背烹窜加,1,2018-04
力林,背烹窜加,1,2018-04
力林,背烹窜加,1,2018-04
力林,背烹窜加,1,2018-04
力林,背烹窜加,1,2018-04
力林,背烹窜加,1,2018-04
力林,背烹窜加,1,2018-04
力林,背烹窜加,1,2018-04
力林,背烹窜加,1,2018-04
力林,背烹窜加,1,2018-04
力林,背烹窜加,1,2018-04
力林,背烹窜加,1,2018-04
力林,背烹窜加,1,2018-04
力林,背烹窜加,1,2018-04
力林,背烹窜加,1,2018-04
力林,促格利,4,2018-04
力林,促格利,2,2018-04
力林,促格利,2,2018-04
力林,促格利,2,2018-04
力林,促格利,2,2018-04
力林,促格利,2,2018-04
力林,促格利,2,2018-04
力林,促格利,2,2018-04
力林,促格利,2,2018-04
力林,促格利,2,2018-04
力林,促格利,2,2018-04
力林,促格利,2,2018-04
力林,促格利,2,2018-04
力林,促格利,2,2018-04
力林,促格利,1,2018-04
力林,促格利,1,2018-04
力林,促格利,2,2018-04
力林,促格利,2,2018-04
力林,促格利,2,2018-04
力林,促格利,3,2018-04
力林,促格利,2,2018-04
力林,促格利,2,2018-04
力林,促格利,2,2018-04
力林,促格利,2,2018-04
力林,促格利,2,2018-04
力林,促格利,2,2018-04
力林,促格利,2,2018-04
力林,促格利,2,2018-04
力林,促格利,2,2018-04
力林,促格利,2,2018-04
力林,促格利,2,2018-04
力林,促格利,2,2018-04
力林,促格利,2,2018-04
力林,促格利,2,2018-04
力林,促格利,2,2018-04
力林,促格利,2,2018-04
力林,促格利,2,2018-04
力林,促格利,2,2018-04
力林,促格利,2,2018-04
力林,促格利,1,2018-04
力林,促格利,1,2018-04
力林,促格利,1,2018-04
力林,促格利,1,2018-04
力林,促格利,1,2018-04
力林,促格利,1,2018-04
力林,促格利,1,2018-04
力林,促格利,1,2018-04
力林,促格利,1,2018-04
力林,促格利,1,2018-04
力林,促格利,1,2018-04
力林,促格利,1,2018-04
力林,促格利,1,2018-04
力林,促格利,1,2018-04
力林,促格利,1,2018-04
力林,促格利,1,2018-04
力林,促格利,1,2018-04
力林,促格利,1,2018-04
力林,促格利,1,2018-04
力林,促格利,1,2018-04
力林,促格利,1,2018-04
力林,促格利,5,2018-04
力林,促格利,8,2018-04
力林,促格利,2,2018-04
力林,促格利,3,2018-04
力林,促格利,2,2018-04
力林,促格利,2,2018-04
力林,促格利,6,2018-04
力林,促格利,13,2018-04
力林,促格利,4,2018-04
力林,促格利,12,2017-12
力林,促格利,24,2017-11
力林,促格利,28,2017-11
力林,促格利,16,2017-11
力林,促格利,14,2017-11
力林,促格利,2,2017-11
力林,促格利,26,2017-11
力林,促格利,47,2017-11
力林,促格利,2,2017-11
力林,促格利,2,2017-11
力林,促格利,2,2017-11
力林,促格利,2,2017-11
力林,促格利,2,2017-11
力林,促格利,2,2017-11
力林,促格利,2,2017-11
力林,促格利,2,2017-11
力林,促格利,2,2017-11
力林,促格利,2,2017-11
力林,促格利,2,2017-11
力林,促格利,2,2017-11
力林,促格利,2,2017-11
力林,促格利,2,2017-11
力林,促格利,2,2017-11
力林,促格利,2,2017-11
力林,促格利,2,2017-11
力林,促格利,2,2017-11
力林,促格利,1,2017-11
力林,背烹窜加,1,2017-11
力林,背烹窜加,1,2017-11
力林,背烹窜加,1,2017-11
力林,背烹窜加,1,2017-11
力林,背烹窜加,1,2017-11
力林,背烹窜加,1,2017-11
力林,背烹窜加,1,2017-11
力林,背烹窜加,1,2017-11
力林,背烹窜加,1,2017-11
力林,背烹窜加,1,2017-11
力林,背烹窜加,1,2017-11
力林,背烹窜加,1,2017-11
力林,背烹窜加,1,2017-11
力林,背烹窜加,1,2017-11
力林,促格利,57,2017-11
力林,促格利,44,2017-11
力林,促格利,50,2017-11
力林,促格利,32,2017-11
力林,促格利,2,2017-10
力林,促格利,2,2017-10
力林,促格利,2,2017-10
力林,促格利,2,2017-10
力林,促格利,2,2017-10
力林,促格利,2,2017-10
力林,促格利,2,2017-10
力林,促格利,2,2017-10
力林,促格利,16,2017-10
力林,促格利,1,2017-10
力林,促格利,1,2017-10
力林,促格利,1,2017-10
力林,促格利,1,2017-10
力林,促格利,1,2017-10
力林,促格利,1,2017-10
力林,促格利,4,2017-10
力林,促格利,2,2017-07
力林,促格利,8,2017-07
力林,背烹窜加,1,2017-07
力林,背烹窜加,1,2017-07
力林,背烹窜加,1,2017-07
力林,背烹窜加,1,2017-07
力林,背烹窜加,1,2017-07
力林,背烹窜加,1,2017-07
力林,背烹窜加,1,2017-07
力林,背烹窜加,1,2017-07
力林,背烹窜加,1,2017-07
力林,背烹窜加,1,2017-07
力林,背烹窜加,1,2017-07
力林,背烹窜加,1,2017-07
力林,背烹窜加,1,2017-07
力林,背烹窜加,1,2017-07
力林,背烹窜加,1,2017-07
力林,背烹窜加,1,2017-07
力林,背烹窜加,1,2017-07
力林,背烹窜加,1,2017-07
力林,背烹窜加,1,2017-07
力林,促格利,2,2017-07
力林,促格利,2,2017-07
力林,促格利,2,2017-07
力林,促格利,2,2017-07
力林,促格利,2,2017-07
力林,促格利,2,2017-07
力林,促格利,2,2017-07
力林,促格利,2,2017-07
力林,促格利,2,2017-07
力林,促格利,2,2017-07
力林,促格利,2,2017-07
力林,促格利,2,2017-07
力林,促格利,2,2017-06
力林,促格利,2,2017-06
力林,促格利,2,2017-06
力林,促格利,2,2017-06
力林,促格利,2,2017-06
力林,促格利,2,2017-06
力林,促格利,2,2017-06
力林,促格利,2,2017-06
力林,促格利,2,2017-06
力林,促格利,2,2017-06
力林,促格利,6,2017-04
力林,促格利,3,2017-04
力林,促格利,3,2017-04
力林,促格利,3,2017-04
力林,促格利,78,2017-04
力林,促格利,5,2017-04
力林,促格利,5,2017-04
力林,促格利,1,2017-04
力林,促格利,1,2017-04
力林,促格利,1,2017-04
力林,促格利,1,2017-04
力林,促格利,2,2017-04
力林,促格利,2,2017-04
力林,促格利,2,2017-04
力林,促格利,2,2017-04
力林,促格利,2,2017-04
力林,促格利,2,2017-04
力林,促格利,2,2017-04
力林,促格利,2,2017-04
力林,促格利,8,2017-04
力林,促格利,2,2017-04
力林,促格利,2,2017-04
力林,促格利,2,2017-04
力林,促格利,2,2017-04
力林,促格利,2,2017-04
力林,促格利,2,2017-04
力林,促格利,2,2017-04
力林,促格利,2,2017-04
力林,促格利,2,2017-04
力林,促格利,2,2017-04
力林,促格利,2,2017-04
力林,促格利,2,2017-04
力林,促格利,2,2017-04
力林,促格利,2,2017-04
力林,促格利,2,2017-04
力林,促格利,1,2017-04
力林,促格利,1,2017-04
力林,促格利,2,2017-04
力林,促格利,2,2017-04
力林,促格利,2,2017-04
力林,促格利,2,2017-04
力林,促格利,2,2017-04
力林,促格利,2,2017-04
力林,促格利,2,2017-04
力林,促格利,2,2017-04
力林,促格利,2,2017-04
力林,促格利,2,2017-04
力林,促格利,2,2017-04
力林,促格利,3,2017-04
力林,促格利,2,2017-04
力林,促格利,2,2017-04
力林,促格利,2,2017-04
力林,促格利,2,2017-04
力林,促格利,2,2017-04
力林,促格利,4,2017-04
力林,促格利,2,2017-04
力林,促格利,7,2017-04
力林,促格利,3,2017-04
力林,促格利,4,2017-04
力林,促格利,5,2017-04
力林,背烹窜加,1,2017-02
力林,背烹窜加,1,2017-02
力林,背烹窜加,1,2017-02
力林,背烹窜加,1,2017-02
力林,背烹窜加,1,2017-02
力林,背烹窜加,1,2017-02
力林,背烹窜加,1,2017-02
力林,背烹窜加,1,2017-02
力林,背烹窜加,1,2017-02
力林,背烹窜加,1,2017-02
力林,背烹窜加,1,2017-02
力林,背烹窜加,1,2017-02
力林,背烹窜加,1,2017-02
力林,背烹窜加,1,2017-02
力林,背烹窜加,1,2017-02
力林,背烹窜加,1,2017-02
力林,背烹窜加,1,2017-02
力林,背烹窜加,1,2017-02
力林,背烹窜加,1,2017-02
力林,背烹窜加,1,2017-02
力林,背烹窜加,1,2017-02
力林,促格利,3,2016-08
力林,促格利,2,2016-08
力林,促格利,2,2016-08
力林,促格利,2,2016-08
力林,促格利,2,2016-08
力林,促格利,1,2016-08
力林,促格利,2,2016-08
力林,促格利,2,2016-08
力林,促格利,4,2016-08
力林,促格利,4,2016-08
力林,促格利,4,2016-08
力林,促格利,4,2016-08
力林,促格利,4,2016-08
力林,促格利,4,2016-08
力林,促格利,4,2016-08
力林,促格利,4,2016-08
力林,促格利,4,2016-08
力林,促格利,1,2016-08
力林,促格利,1,2016-08
力林,促格利,3,2016-08
力林,促格利,1,2016-08
力林,促格利,1,2016-08
力林,促格利,1,2016-08
力林,促格利,1,2016-08
力林,促格利,4,2016-08
力林,促格利,7,2016-05
力林,促格利,1,2016-05
力林,促格利,1,2016-05
力林,促格利,41,2016-05
力林,促格利,8,2016-05
力林,促格利,11,2016-05
力林,促格利,2,2016-05
力林,促格利,2,2016-05
力林,促格利,2,2016-05
力林,促格利,1,2016-04
力林,促格利,1,2016-04
力林,背烹窜加,1,2016-04
力林,背烹窜加,1,2016-04
力林,背烹窜加,1,2016-04
力林,促格利,2,2016-04
力林,促格利,2,2016-04
力林,促格利,2,2016-04
力林,促格利,2,2016-04
力林,促格利,2,2016-04
力林,促格利,7,2016-04
力林,促格利,57,2016-04
力林,促格利,1,2016-04
力林,促格利,1,2016-04
力林,促格利,1,2016-04
力林,促格利,1,2016-04
力林,促格利,1,2016-04
力林,促格利,1,2016-04
力林,促格利,1,2016-04
力林,促格利,1,2016-04
力林,促格利,1,2016-04
力林,促格利,1,2016-04
力林,促格利,1,2016-04
力林,促格利,1,2016-04
力林,促格利,1,2016-04
力林,促格利,1,2016-04
力林,促格利,1,2016-04
力林,促格利,1,2016-04
力林,促格利,1,2016-04
力林,促格利,1,2016-04
力林,促格利,1,2016-04
力林,促格利,1,2016-04
力林,促格利,1,2016-04
力林,促格利,1,2016-04
力林,促格利,1,2016-04
力林,促格利,1,2016-04
力林,促格利,1,2016-04
力林,促格利,1,2016-04
力林,促格利,1,2016-04
力林,促格利,1,2016-04
力林,促格利,1,2016-04
力林,促格利,1,2016-04
力林,促格利,1,2016-04
力林,促格利,1,2016-04
力林,促格利,1,2016-04
力林,促格利,1,2016-04
力林,促格利,1,2016-04
力林,促格利,1,2016-04
力林,促格利,1,2016-04
力林,促格利,1,2016-04
力林,促格利,1,2016-04
力林,促格利,1,2016-04
力林,促格利,1,2016-04
力林,促格利,1,2016-04
力林,促格利,1,2016-04
力林,促格利,1,2016-04
力林,促格利,1,2016-04
力林,促格利,1,2016-04
力林,促格利,1,2016-04
力林,促格利,1,2016-04
力林,促格利,1,2016-04
力林,促格利,1,2016-04
力林,促格利,1,2016-04
力林,促格利,1,2016-04
力林,促格利,1,2016-04
力林,促格利,1,2016-04
力林,促格利,1,2016-04
力林,促格利,1,2016-04
力林,促格利,1,2016-04
力林,促格利,1,2016-04
力林,促格利,1,2016-04
力林,促格利,1,2016-04
力林,促格利,1,2016-04
力林,促格利,1,2016-03
力林,促格利,1,2016-03
力林,促格利,1,2016-03
力林,促格利,5,2016-03
力林,促格利,10,2016-03
力林,促格利,2,2016-03
力林,促格利,1,2016-03
力林,背烹窜加,1,2016-03
力林,背烹窜加,1,2016-03
力林,背烹窜加,2,2016-03
力林,背烹窜加,1,2016-03
力林,背烹窜加,1,2016-03
力林,背烹窜加,1,2016-03
力林,背烹窜加,1,2016-03
力林,背烹窜加,1,2016-03
力林,背烹窜加,1,2016-03
力林,背烹窜加,1,2016-03
力林,背烹窜加,1,2016-03
力林,促格利,0,2015-04
力林,促格利,0,2015-04
力林,促格利,0,2015-04
力林,背烹窜加,1,2015-04
力林,背烹窜加,1,2015-04
力林,背烹窜加,1,2015-04
力林,背烹窜加,1,2015-04
力林,背烹窜加,1,2015-04
力林,背烹窜加,1,2015-04
力林,背烹窜加,1,2015-04
力林,背烹窜加,1,2015-04
力林,背烹窜加,1,2015-04
力林,背烹窜加,1,2015-04
力林,促格利,4,2015-04
力林,促格利,9,2015-04
力林,促格利,12,2015-04
力林,促格利,3,2015-04
力林,促格利,2,2015-04
力林,促格利,2,2015-04
力林,促格利,2,2015-04
力林,促格利,2,2015-04
力林,促格利,4,2015-04
力林,促格利,4,2015-04
力林,促格利,1,2015-04
力林,促格利,2,2015-04
力林,促格利,1,2014-10
力林,促格利,1,2014-10
力林,促格利,1,2014-10
力林,促格利,4,2014-10
力林,促格利,3,2014-10
力林,促格利,20,2014-10
力林,促格利,6,2014-10
力林,背烹窜加,1,2014-10
力林,背烹窜加,1,2014-10
力林,背烹窜加,1,2014-10
力林,背烹窜加,1,2014-10
力林,促格利,6,2014-10
力林,促格利,4,2014-10
力林,促格利,1,2014-04
力林,促格利,10,2014-04
力林,背烹窜加,1,2014-04
力林,背烹窜加,1,2014-04
力林,背烹窜加,1,2014-04
力林,背烹窜加,1,2014-04
力林,背烹窜加,1,2014-04
力林,促格利,9,2014-04
力林,促格利,33,2014-04
力林,促格利,49,2014-04
力林,促格利,1,2013-04
力林,背烹窜加,1,2013-04
力林,背烹窜加,1,2013-04
力林,背烹窜加,1,2013-04
力林,背烹窜加,1,2013-04
力林,背烹窜加,1,2013-04
力林,背烹窜加,1,2013-04
力林,促格利,1,2013-02
力林,促格利,1,2013-02
力林,促格利,1,2013-02
力林,促格利,1,2013-02
力林,促格利,1,2013-02
力林,促格利,1,2013-02
力林,促格利,3,2013-02
力林,促格利,0,2013-02
力林,促格利,1,2013-02
力林,促格利,1,2013-02
力林,促格利,1,2013-02
力林,促格利,1,2013-02
力林,促格利,1,2013-01
力林,促格利,4,2012-07
力林,促格利,4,2012-07
力林,促格利,4,2012-07
力林,促格利,4,2012-07
力林,促格利,4,2012-07
力林,促格利,4,2012-07
力林,促格利,4,2012-07
力林,促格利,4,2012-07
力林,促格利,4,2012-07
力林,促格利,4,2012-07
力林,促格利,4,2012-07
力林,促格利,4,2012-07
力林,促格利,4,2012-07
力林,促格利,1,2012-04
力林,促格利,1,2012-04
力林,促格利,1,2012-04
力林,促格利,1,2012-04
力林,促格利,1,2012-04
力林,促格利,1,2012-04
力林,促格利,1,2012-04
力林,促格利,1,2012-04
力林,促格利,1,2012-04
力林,促格利,4,2012-04
力林,促格利,4,2012-04
力林,促格利,6,2012-04
力林,促格利,1,2012-03
力林,促格利,1,2012-03
力林,促格利,1,2012-03
力林,促格利,1,2012-03
力林,促格利,4,2012-03
力林,促格利,23,2012-03
力林,背烹窜加,1,2012-03
力林,背烹窜加,1,2012-03
力林,背烹窜加,1,2012-03
力林,背烹窜加,1,2012-03
力林,促格利,1,2011-04
力林,促格利,5,2011-04
力林,促格利,3,2011-04
力林,促格利,17,2011-04
力林,促格利,1,2010-08
力林,促格利,1,2010-08
力林,促格利,1,2010-08
力林,促格利,1,2010-08
力林,促格利,1,2010-08
力林,促格利,1,2010-08
力林,促格利,1,2010-08
力林,促格利,1,2010-04
力林,促格利,3,2010-04
力林,促格利,3,2010-04
力林,促格利,3,2010-04
力林,促格利,1,2009-05
力林,促格利,1,2009-05
力林,促格利,1,2009-05
力林,促格利,1,2009-05
力林,促格利,1,2009-05
力林,促格利,5,2009-05
力林,促格利,1,2009-04
力林,促格利,1,2009-04
力林,促格利,1,2009-04
力林,促格利,1,2009-04
力林,促格利,1,2009-04
力林,促格利,1,2009-04
力林,促格利,5,2008-04
力林,促格利,1,2007-04
力林,促格利,16,2007-04
力林,促格利,23,2007-04
力林,促格利,4,2007-04
力林,促格利,11,2005-04
力林,促格利,9,2005-04
力林,促格利,2,2004-06
力林,促格利,1,2004-05
力林,促格利,1,2004-04
力林,促格利,5,2002-04
力林,促格利,4,
力林,促格利,4,
力林,促格利,5,
力林,促格利,3,
力林,促格利,3,
力林,促格利,3,
力林,促格利,3,
力林,促格利,3,
力林,促格利,3,
力林,促格利,3,
力林,促格利,3,
力林,促格利,3,
力林,促格利,3,
力林,促格利,3,
力林,促格利,4,
力林,促格利,3,
力林,促格利,3,
力林,促格利,3,
力林,促格利,4,
力林,促格利,3,
力林,促格利,4,
力林,促格利,2,
力林,促格利,3,
力林,促格利,2,
力林,促格利,2,
力林,促格利,2,
力林,促格利,2,
力林,促格利,4,
力林,促格利,5,
力林,促格利,2,
力林,积劝规裹,6,
力林,积劝规裹,1,
力林,积劝规裹,1,
力林,积劝规裹,4,
力林,积劝规裹,3,
力林,积劝规裹,4,
力林,积劝规裹,4,
力林,积劝规裹,5,
力林,积劝规裹,4,
力林,积劝规裹,5,
力林,积劝规裹,1,
力林,积劝规裹,1,
力林,积劝规裹,3,
力林,积劝规裹,1,
力林,积劝规裹,5,
力林,积劝规裹,1,
力林,积劝规裹,5,
力林,积劝规裹,5,
力林,积劝规裹,6,
力林,积劝规裹,5,
力林,积劝规裹,1,
力林,积劝规裹,1,
力林,积劝规裹,4,
力林,积劝规裹,5,
力林,积劝规裹,5,
力林,积劝规裹,5,
力林,积劝规裹,4,
力林,积劝规裹,4,
力林,积劝规裹,3,
力林,积劝规裹,4,
力林,积劝规裹,3,
力林,积劝规裹,3,
力林,积劝规裹,2,
力林,积劝规裹,4,
力林,积劝规裹,5,
力林,积劝规裹,1,
力林,积劝规裹,1,
力林,积劝规裹,1,
力林,积劝规裹,5,
力林,积劝规裹,1,
力林,积劝规裹,5,
力林,积劝规裹,5,
力林,积劝规裹,5,
力林,积劝规裹,4,
力林,积劝规裹,1,
力林,积劝规裹,4,
力林,积劝规裹,4,
力林,积劝规裹,5,
力林,积劝规裹,4,
力林,积劝规裹,4,
力林,积劝规裹,5,
力林,积劝规裹,1,
力林,积劝规裹,5,
力林,积劝规裹,5,
力林,积劝规裹,4,
力林,积劝规裹,4,
力林,积劝规裹,1,
力林,积劝规裹,5,
力林,积劝规裹,4,
力林,积劝规裹,4,
力林,积劝规裹,5,
力林,积劝规裹,5,
力林,积劝规裹,5,
力林,积劝规裹,5,
力林,积劝规裹,5,
力林,积劝规裹,4,
力林,积劝规裹,4,
力林,积劝规裹,5,
力林,积劝规裹,5,
力林,积劝规裹,5,
力林,积劝规裹,5,
力林,积劝规裹,5,
力林,积劝规裹,4,
力林,积劝规裹,2,
力林,积劝规裹,4,
力林,积劝规裹,1,
力林,积劝规裹,3,
力林,积劝规裹,1,
力林,积劝规裹,5,
力林,积劝规裹,5,
力林,积劝规裹,3,
力林,积劝规裹,5,
力林,积劝规裹,5,
力林,积劝规裹,3,
力林,积劝规裹,4,
力林,积劝规裹,4,
力林,积劝规裹,4,
力林,积劝规裹,1,
力林,积劝规裹,5,
力林,积劝规裹,5,
力林,积劝规裹,4,
力林,积劝规裹,5,
力林,积劝规裹,4,
力林,积劝规裹,4,
力林,积劝规裹,5,
力林,积劝规裹,1,
力林,积劝规裹,1,
力林,积劝规裹,5,
力林,积劝规裹,5,
力林,积劝规裹,5,
力林,积劝规裹,6,
力林,积劝规裹,5,
力林,积劝规裹,5,
力林,积劝规裹,5,
力林,积劝规裹,4,
力林,积劝规裹,5,
力林,积劝规裹,5,
力林,积劝规裹,5,
力林,积劝规裹,5,
力林,积劝规裹,5,
力林,积劝规裹,5,
力林,积劝规裹,5,
力林,积劝规裹,1,
力林,积劝规裹,1,
力林,积劝规裹,3,
力林,积劝规裹,5,
力林,积劝规裹,5,
力林,积劝规裹,5,
力林,积劝规裹,4,
力林,积劝规裹,3,
力林,积劝规裹,3,
力林,积劝规裹,5,
力林,积劝规裹,5,
力林,积劝规裹,4,
力林,积劝规裹,3,
力林,积劝规裹,5,
力林,积劝规裹,5,
力林,积劝规裹,5,
力林,积劝规裹,4,
力林,积劝规裹,2,
力林,积劝规裹,4,
力林,积劝规裹,5,
力林,积劝规裹,4,
力林,积劝规裹,4,
力林,积劝规裹,4,
力林,积劝规裹,5,
力林,积劝规裹,5,
力林,积劝规裹,3,
力林,积劝规裹,4,
力林,积劝规裹,4,
力林,积劝规裹,4,
力林,积劝规裹,4,
力林,积劝规裹,4,
力林,积劝规裹,5,
力林,积劝规裹,4,
力林,积劝规裹,5,
力林,积劝规裹,5,
力林,积劝规裹,3,
力林,积劝规裹,4,
力林,积劝规裹,4,
力林,积劝规裹,4,
力林,积劝规裹,4,
力林,积劝规裹,4,
力林,积劝规裹,4,
力林,积劝规裹,1,
力林,积劝规裹,4,
力林,积劝规裹,4,
力林,积劝规裹,5,
力林,积劝规裹,4,
力林,积劝规裹,4,
力林,积劝规裹,5,
力林,积劝规裹,5,
力林,积劝规裹,5,
力林,积劝规裹,5,
力林,积劝规裹,5,
力林,积劝规裹,5,
力林,积劝规裹,5,
力林,积劝规裹,4,
力林,积劝规裹,4,
力林,积劝规裹,5,
力林,积劝规裹,5,
力林,积劝规裹,5,
力林,积劝规裹,5,
力林,积劝规裹,2,
力林,积劝规裹,5,
力林,积劝规裹,5,
力林,积劝规裹,4,
力林,积劝规裹,5,
力林,积劝规裹,4,
力林,积劝规裹,5,
力林,积劝规裹,6,
力林,积劝规裹,4,
力林,积劝规裹,5,
力林,积劝规裹,1,
力林,积劝规裹,5,
力林,积劝规裹,4,
力林,积劝规裹,5,
力林,积劝规裹,4,
力林,积劝规裹,5,
力林,积劝规裹,4,
力林,积劝规裹,5,
力林,积劝规裹,5,
力林,积劝规裹,4,
力林,积劝规裹,4,
力林,积劝规裹,5,
力林,积劝规裹,4,
力林,积劝规裹,6,
力林,积劝规裹,5,
力林,积劝规裹,5,
力林,积劝规裹,5,
力林,积劝规裹,5,
力林,积劝规裹,5,
力林,积劝规裹,1,
力林,积劝规裹,2,
力林,积劝规裹,4,
力林,积劝规裹,5,
力林,积劝规裹,5,
力林,积劝规裹,6,
力林,积劝规裹,4,
力林,积劝规裹,4,
力林,积劝规裹,4,
力林,积劝规裹,4,
力林,积劝规裹,1,
力林,积劝规裹,4,
力林,积劝规裹,5,
力林,积劝规裹,1,
力林,积劝规裹,1,
力林,积劝规裹,1,
力林,积劝规裹,1,
力林,积劝规裹,1,
力林,积劝规裹,5,
力林,积劝规裹,5,
力林,积劝规裹,1,
力林,积劝规裹,4,
力林,积劝规裹,4,
力林,积劝规裹,5,
力林,积劝规裹,4,
力林,积劝规裹,5,
力林,积劝规裹,1,
力林,积劝规裹,5,
力林,积劝规裹,5,
力林,积劝规裹,4,
力林,积劝规裹,1,
力林,积劝规裹,1,
力林,积劝规裹,1,
力林,积劝规裹,1,
力林,积劝规裹,4,
力林,积劝规裹,4,
力林,积劝规裹,5,
力林,积劝规裹,4,
力林,积劝规裹,5,
力林,积劝规裹,4,
力林,积劝规裹,5,
力林,积劝规裹,4,
力林,积劝规裹,5,
力林,积劝规裹,3,
力林,积劝规裹,4,
力林,积劝规裹,4,
力林,积劝规裹,4,
力林,积劝规裹,5,
力林,积劝规裹,4,
力林,积劝规裹,4,
力林,积劝规裹,5,
力林,积劝规裹,4,
力林,积劝规裹,4,
力林,积劝规裹,5,
力林,积劝规裹,4,
力林,积劝规裹,3,
力林,积劝规裹,6,
力林,积劝规裹,4,
力林,积劝规裹,5,
力林,积劝规裹,5,
力林,积劝规裹,5,
力林,积劝规裹,4,
力林,积劝规裹,5,
力林,积劝规裹,5,
力林,积劝规裹,4,
力林,积劝规裹,4,
力林,积劝规裹,4,
力林,积劝规裹,4,
力林,积劝规裹,4,
力林,积劝规裹,1,
力林,积劝规裹,4,
力林,积劝规裹,5,
力林,积劝规裹,4,
力林,积劝规裹,4,
力林,积劝规裹,5,
力林,积劝规裹,1,
力林,积劝规裹,4,
力林,积劝规裹,4,
力林,积劝规裹,4,
力林,积劝规裹,4,
力林,积劝规裹,2,
力林,积劝规裹,4,
力林,积劝规裹,4,
力林,积劝规裹,6,
力林,积劝规裹,5,
力林,积劝规裹,4,
力林,积劝规裹,4,
力林,积劝规裹,4,
力林,积劝规裹,4,
力林,积劝规裹,4,
力林,积劝规裹,4,
力林,积劝规裹,1,
力林,积劝规裹,5,
力林,积劝规裹,1,
力林,积劝规裹,4,
力林,积劝规裹,4,
力林,积劝规裹,5,
力林,积劝规裹,1,
力林,积劝规裹,1,
力林,积劝规裹,5,
力林,积劝规裹,1,
力林,积劝规裹,1,
力林,积劝规裹,1,
力林,积劝规裹,4,
力林,积劝规裹,4,
力林,积劝规裹,1,
力林,积劝规裹,4,
力林,积劝规裹,1,
力林,积劝规裹,1,
力林,积劝规裹,5,
力林,积劝规裹,4,
力林,积劝规裹,1,
力林,积劝规裹,5,
力林,积劝规裹,5,
力林,积劝规裹,7,
力林,积劝规裹,5,
力林,积劝规裹,4,
力林,积劝规裹,5,
力林,积劝规裹,5,
力林,积劝规裹,5,
力林,积劝规裹,5,
力林,积劝规裹,1,
力林,积劝规裹,1,
力林,积劝规裹,1,
力林,积劝规裹,5,
力林,积劝规裹,1,
力林,积劝规裹,4,
力林,积劝规裹,5,
力林,积劝规裹,5,
力林,积劝规裹,5,
力林,积劝规裹,3,
力林,积劝规裹,1,
力林,积劝规裹,4,
力林,积劝规裹,4,
力林,积劝规裹,1,
力林,积劝规裹,4,
力林,积劝规裹,1,
力林,积劝规裹,1,
力林,积劝规裹,1,
力林,积劝规裹,0,
力林,积劝规裹,4,
力林,积劝规裹,4,
力林,积劝规裹,5,
力林,积劝规裹,1,
力林,积劝规裹,1,
力林,积劝规裹,1,
力林,积劝规裹,1,
力林,积劝规裹,1,
力林,积劝规裹,1,
力林,积劝规裹,1,
力林,积劝规裹,1,
力林,积劝规裹,1,
力林,积劝规裹,6,
力林,积劝规裹,5,
力林,积劝规裹,1,
力林,积劝规裹,1,
力林,积劝规裹,5,
力林,积劝规裹,1,
力林,积劝规裹,1,
力林,积劝规裹,1,
力林,积劝规裹,1,
力林,积劝规裹,1,
力林,积劝规裹,1,
力林,积劝规裹,4,
力林,积劝规裹,4,
力林,积劝规裹,4,
力林,积劝规裹,5,
力林,积劝规裹,5,
力林,积劝规裹,5,
力林,积劝规裹,5,
力林,积劝规裹,4,
力林,积劝规裹,5,
力林,积劝规裹,5,
力林,积劝规裹,4,
力林,积劝规裹,5,
力林,积劝规裹,4,
力林,积劝规裹,5,
力林,积劝规裹,5,
力林,积劝规裹,5,
力林,积劝规裹,4,
力林,积劝规裹,4,
力林,积劝规裹,4,
力林,积劝规裹,4,
力林,积劝规裹,4,
力林,积劝规裹,4,
力林,积劝规裹,5,
力林,积劝规裹,5,
力林,积劝规裹,5,
力林,积劝规裹,4,
力林,积劝规裹,5,
力林,积劝规裹,4,
力林,积劝规裹,4,
力林,积劝规裹,5,
力林,积劝规裹,5,
力林,积劝规裹,5,
力林,积劝规裹,4,
力林,积劝规裹,5,
力林,积劝规裹,5,
力林,积劝规裹,1,
力林,积劝规裹,5,
力林,积劝规裹,4,
力林,积劝规裹,5,
力林,积劝规裹,1,
力林,积劝规裹,5,
力林,积劝规裹,4,
力林,积劝规裹,1,
力林,积劝规裹,1,
力林,积劝规裹,1,
力林,积劝规裹,5,
力林,积劝规裹,4,
力林,积劝规裹,1,
力林,积劝规裹,5,
力林,积劝规裹,1,
力林,积劝规裹,5,
力林,积劝规裹,1,
力林,积劝规裹,4,
力林,积劝规裹,5,
力林,积劝规裹,4,
力林,积劝规裹,5,
力林,积劝规裹,4,
力林,积劝规裹,4,
力林,积劝规裹,1,
力林,积劝规裹,1,
力林,积劝规裹,5,
力林,积劝规裹,5,
力林,积劝规裹,4,
力林,积劝规裹,5,
力林,积劝规裹,5,
力林,积劝规裹,4,
力林,积劝规裹,4,
力林,积劝规裹,5,
力林,积劝规裹,1,
力林,积劝规裹,1,
力林,积劝规裹,5,
力林,积劝规裹,4,
力林,积劝规裹,4,
力林,积劝规裹,4,
力林,积劝规裹,5,
力林,积劝规裹,5,
力林,积劝规裹,4,
力林,积劝规裹,4,
力林,积劝规裹,5,
力林,积劝规裹,4,
力林,积劝规裹,1,
力林,积劝规裹,1,
力林,积劝规裹,5,
力林,积劝规裹,5,
力林,积劝规裹,5,
力林,矫汲拱包府,9,
力林,矫汲拱包府,7,
力林,矫汲拱包府,4,
力林,矫汲拱包府,16,
力林,矫汲拱包府,6,
力林,矫汲拱包府,10,
力林,矫汲拱包府,6,
力林,矫汲拱包府,9,
力林,矫汲拱包府,7,
力林,矫汲拱包府,1,
力林,矫汲拱包府,7,
力林,矫汲拱包府,22,
力林,矫汲拱包府,10,
力林,绢赴捞焊龋,5,
力林,绢赴捞焊龋,4,
力林,绢赴捞焊龋,4,
力林,绢赴捞焊龋,4,
力林,绢赴捞焊龋,0,
力林,绢赴捞焊龋,4,
力林,绢赴捞焊龋,5,
力林,绢赴捞焊龋,4,
力林,绢赴捞焊龋,5,
力林,绢赴捞焊龋,6,
力林,绢赴捞焊龋,8,
力林,绢赴捞焊龋,5,
力林,绢赴捞焊龋,4,
力林,绢赴捞焊龋,6,
力林,绢赴捞焊龋,8,
力林,绢赴捞焊龋,3,
力林,绢赴捞焊龋,3,
力林,绢赴捞焊龋,6,
力林,绢赴捞焊龋,8,
力林,绢赴捞焊龋,5,
力林,绢赴捞焊龋,7,
力林,绢赴捞焊龋,6,
力林,绢赴捞焊龋,8,
力林,绢赴捞焊龋,5,
力林,绢赴捞焊龋,8,
力林,绢赴捞焊龋,3,
力林,绢赴捞焊龋,3,
力林,绢赴捞焊龋,3,
力林,绢赴捞焊龋,0,
力林,绢赴捞焊龋,5,
力林,绢赴捞焊龋,1,
力林,绢赴捞焊龋,4,
力林,绢赴捞焊龋,9,
力林,绢赴捞焊龋,6,
力林,绢赴捞焊龋,5,
力林,绢赴捞焊龋,5,
力林,绢赴捞焊龋,5,
力林,绢赴捞焊龋,6,
力林,绢赴捞焊龋,6,
力林,绢赴捞焊龋,4,
力林,绢赴捞焊龋,8,
力林,绢赴捞焊龋,5,
力林,绢赴捞焊龋,4,
力林,绢赴捞焊龋,4,
力林,绢赴捞焊龋,5,
力林,绢赴捞焊龋,5,
力林,绢赴捞焊龋,8,
力林,绢赴捞焊龋,5,
力林,绢赴捞焊龋,5,
力林,绢赴捞焊龋,9,
力林,绢赴捞焊龋,6,
力林,绢赴捞焊龋,4,
力林,绢赴捞焊龋,9,
力林,绢赴捞焊龋,5,
力林,绢赴捞焊龋,3,
力林,绢赴捞焊龋,5,
力林,绢赴捞焊龋,1,
力林,绢赴捞焊龋,4,
力林,绢赴捞焊龋,0,
力林,绢赴捞焊龋,4,
力林,绢赴捞焊龋,8,
力林,绢赴捞焊龋,5,
力林,绢赴捞焊龋,5,
力林,绢赴捞焊龋,8,
力林,绢赴捞焊龋,4,
力林,绢赴捞焊龋,2,
力林,绢赴捞焊龋,3,
力林,绢赴捞焊龋,0,
力林,绢赴捞焊龋,5,
力林,绢赴捞焊龋,7,
力林,绢赴捞焊龋,4,
力林,绢赴捞焊龋,4,
力林,绢赴捞焊龋,4,
力林,绢赴捞焊龋,4,
力林,绢赴捞焊龋,3,
力林,绢赴捞焊龋,3,
力林,绢赴捞焊龋,6,
力林,绢赴捞焊龋,4,
力林,绢赴捞焊龋,4,
力林,绢赴捞焊龋,4,
力林,绢赴捞焊龋,4,
力林,绢赴捞焊龋,6,
力林,绢赴捞焊龋,3,
力林,绢赴捞焊龋,10,
力林,绢赴捞焊龋,5,
力林,绢赴捞焊龋,5,
力林,绢赴捞焊龋,4,
力林,绢赴捞焊龋,5,
力林,绢赴捞焊龋,2,
力林,绢赴捞焊龋,6,
力林,绢赴捞焊龋,5,
力林,绢赴捞焊龋,4,
力林,绢赴捞焊龋,4,
力林,绢赴捞焊龋,4,
力林,绢赴捞焊龋,4,
力林,绢赴捞焊龋,12,
力林,绢赴捞焊龋,6,
力林,绢赴捞焊龋,4,
力林,绢赴捞焊龋,5,
力林,绢赴捞焊龋,5,
力林,绢赴捞焊龋,4,
力林,绢赴捞焊龋,4,
力林,绢赴捞焊龋,4,
力林,绢赴捞焊龋,6,
力林,绢赴捞焊龋,12,
力林,绢赴捞焊龋,5,
力林,绢赴捞焊龋,5,
力林,绢赴捞焊龋,3,
力林,绢赴捞焊龋,6,
力林,绢赴捞焊龋,4,
力林,绢赴捞焊龋,8,
力林,绢赴捞焊龋,3,
力林,绢赴捞焊龋,4,
力林,绢赴捞焊龋,5,
力林,绢赴捞焊龋,4,
力林,绢赴捞焊龋,10,
力林,绢赴捞焊龋,5,
力林,绢赴捞焊龋,3,
力林,绢赴捞焊龋,5,
力林,绢赴捞焊龋,6,
力林,绢赴捞焊龋,14,
力林,绢赴捞焊龋,6,
力林,绢赴捞焊龋,4,
力林,绢赴捞焊龋,3,
力林,绢赴捞焊龋,4,
力林,绢赴捞焊龋,5,
力林,绢赴捞焊龋,6,
力林,绢赴捞焊龋,7,
力林,绢赴捞焊龋,5,
力林,绢赴捞焊龋,15,
力林,绢赴捞焊龋,6,
力林,绢赴捞焊龋,4,
力林,绢赴捞焊龋,13,
力林,绢赴捞焊龋,4,
力林,绢赴捞焊龋,5,
力林,绢赴捞焊龋,6,
力林,绢赴捞焊龋,2,
力林,绢赴捞焊龋,3,
力林,绢赴捞焊龋,15,
力林,绢赴捞焊龋,4,
力林,绢赴捞焊龋,5,
力林,绢赴捞焊龋,16,
力林,绢赴捞焊龋,4,
力林,绢赴捞焊龋,6,
力林,绢赴捞焊龋,5,
力林,绢赴捞焊龋,5,
力林,绢赴捞焊龋,5,
力林,绢赴捞焊龋,12,
力林,绢赴捞焊龋,2,
力林,绢赴捞焊龋,4,
力林,绢赴捞焊龋,12,
力林,绢赴捞焊龋,4,
力林,绢赴捞焊龋,6,
力林,绢赴捞焊龋,5,
力林,绢赴捞焊龋,7,
力林,绢赴捞焊龋,4,
力林,绢赴捞焊龋,16,
力林,绢赴捞焊龋,5,
力林,绢赴捞焊龋,4,
力林,绢赴捞焊龋,4,
力林,绢赴捞焊龋,5,
力林,绢赴捞焊龋,4,
力林,绢赴捞焊龋,4,
力林,绢赴捞焊龋,4,
力林,绢赴捞焊龋,3,
力林,绢赴捞焊龋,4,
力林,绢赴捞焊龋,2,
力林,绢赴捞焊龋,4,
力林,绢赴捞焊龋,5,
力林,绢赴捞焊龋,4,
力林,绢赴捞焊龋,4,
力林,绢赴捞焊龋,3,
力林,绢赴捞焊龋,5,
力林,绢赴捞焊龋,4,
力林,绢赴捞焊龋,4,
力林,绢赴捞焊龋,6,
力林,绢赴捞焊龋,4,
力林,绢赴捞焊龋,3,
力林,绢赴捞焊龋,17,
力林,绢赴捞焊龋,4,
力林,绢赴捞焊龋,1,
力林,绢赴捞焊龋,5,
力林,绢赴捞焊龋,4,
力林,绢赴捞焊龋,7,
力林,绢赴捞焊龋,5,
力林,绢赴捞焊龋,4,
力林,绢赴捞焊龋,12,
力林,绢赴捞焊龋,4,
力林,绢赴捞焊龋,2,
力林,绢赴捞焊龋,4,
力林,绢赴捞焊龋,4,
力林,绢赴捞焊龋,5,
力林,绢赴捞焊龋,4,
力林,绢赴捞焊龋,4,
力林,绢赴捞焊龋,5,
力林,绢赴捞焊龋,4,
力林,绢赴捞焊龋,8,
力林,绢赴捞焊龋,4,
力林,绢赴捞焊龋,5,
力林,绢赴捞焊龋,3,
力林,绢赴捞焊龋,2,
力林,绢赴捞焊龋,4,
力林,绢赴捞焊龋,2,
力林,绢赴捞焊龋,4,
力林,绢赴捞焊龋,13,
力林,绢赴捞焊龋,4,
力林,绢赴捞焊龋,4,
力林,绢赴捞焊龋,4,
力林,绢赴捞焊龋,4,
力林,绢赴捞焊龋,4,
力林,绢赴捞焊龋,4,
力林,绢赴捞焊龋,16,
力林,绢赴捞焊龋,5,
力林,绢赴捞焊龋,3,
力林,绢赴捞焊龋,5,
力林,绢赴捞焊龋,5,
力林,绢赴捞焊龋,4,
力林,绢赴捞焊龋,4,
力林,绢赴捞焊龋,3,
力林,绢赴捞焊龋,5,
力林,绢赴捞焊龋,3,
力林,绢赴捞焊龋,5,
力林,绢赴捞焊龋,3,
力林,绢赴捞焊龋,13,
力林,绢赴捞焊龋,4,
力林,绢赴捞焊龋,4,
力林,绢赴捞焊龋,4,
力林,绢赴捞焊龋,4,
力林,绢赴捞焊龋,3,
力林,绢赴捞焊龋,5,
力林,绢赴捞焊龋,5,
力林,绢赴捞焊龋,4,
力林,绢赴捞焊龋,14,
力林,绢赴捞焊龋,4,
力林,绢赴捞焊龋,5,
力林,绢赴捞焊龋,5,
力林,绢赴捞焊龋,5,
力林,绢赴捞焊龋,11,
力林,绢赴捞焊龋,4,
力林,绢赴捞焊龋,4,
力林,绢赴捞焊龋,4,
力林,绢赴捞焊龋,5,
力林,绢赴捞焊龋,4,
力林,绢赴捞焊龋,4,
力林,绢赴捞焊龋,12,
力林,绢赴捞焊龋,7,
力林,绢赴捞焊龋,12,
力林,绢赴捞焊龋,12,
力林,绢赴捞焊龋,4,
力林,绢赴捞焊龋,5,
力林,绢赴捞焊龋,7,
力林,绢赴捞焊龋,17,
力林,绢赴捞焊龋,4,
力林,绢赴捞焊龋,13,
力林,绢赴捞焊龋,4,
力林,绢赴捞焊龋,15,
力林,绢赴捞焊龋,5,
力林,绢赴捞焊龋,4,
力林,绢赴捞焊龋,6,
力林,绢赴捞焊龋,16,
力林,绢赴捞焊龋,4,
力林,绢赴捞焊龋,4,
力林,绢赴捞焊龋,15,
力林,绢赴捞焊龋,3,
力林,绢赴捞焊龋,4,
力林,绢赴捞焊龋,8,
力林,绢赴捞焊龋,4,
力林,绢赴捞焊龋,4,
力林,绢赴捞焊龋,4,
力林,绢赴捞焊龋,4,
力林,绢赴捞焊龋,4,
力林,绢赴捞焊龋,4,
力林,绢赴捞焊龋,8,
力林,绢赴捞焊龋,14,
力林,绢赴捞焊龋,5,
力林,绢赴捞焊龋,4,
力林,绢赴捞焊龋,5,
力林,绢赴捞焊龋,5,
力林,绢赴捞焊龋,19,
力林,绢赴捞焊龋,4,
力林,绢赴捞焊龋,13,
力林,绢赴捞焊龋,6,
力林,绢赴捞焊龋,4,
力林,绢赴捞焊龋,4,
力林,绢赴捞焊龋,14,
力林,绢赴捞焊龋,5,
力林,绢赴捞焊龋,13,
力林,绢赴捞焊龋,4,
力林,绢赴捞焊龋,11,
力林,绢赴捞焊龋,3,
力林,绢赴捞焊龋,4,
力林,绢赴捞焊龋,4,
力林,绢赴捞焊龋,4,
力林,绢赴捞焊龋,16,
力林,绢赴捞焊龋,3,
力林,绢赴捞焊龋,3,
力林,绢赴捞焊龋,3,
力林,绢赴捞焊龋,3,
力林,绢赴捞焊龋,4,
力林,绢赴捞焊龋,6,
力林,绢赴捞焊龋,4,
力林,绢赴捞焊龋,10,
力林,绢赴捞焊龋,6,
力林,绢赴捞焊龋,4,
力林,绢赴捞焊龋,5,
力林,绢赴捞焊龋,5,
力林,绢赴捞焊龋,4,
力林,绢赴捞焊龋,4,
力林,绢赴捞焊龋,4,
力林,绢赴捞焊龋,4,
力林,绢赴捞焊龋,5,
力林,绢赴捞焊龋,4,
力林,绢赴捞焊龋,4,
力林,绢赴捞焊龋,2,
力林,绢赴捞焊龋,5,
力林,绢赴捞焊龋,5,
力林,绢赴捞焊龋,17,
力林,绢赴捞焊龋,7,
力林,绢赴捞焊龋,5,
力林,绢赴捞焊龋,4,
力林,绢赴捞焊龋,5,
力林,绢赴捞焊龋,4,
力林,绢赴捞焊龋,7,
力林,绢赴捞焊龋,5,
力林,绢赴捞焊龋,4,
力林,绢赴捞焊龋,4,
力林,绢赴捞焊龋,5,
力林,绢赴捞焊龋,5,
力林,绢赴捞焊龋,4,
力林,绢赴捞焊龋,4,
力林,绢赴捞焊龋,4,
力林,绢赴捞焊龋,5,
力林,绢赴捞焊龋,4,
力林,绢赴捞焊龋,4,
力林,绢赴捞焊龋,4,
力林,绢赴捞焊龋,5,
力林,绢赴捞焊龋,5,
力林,绢赴捞焊龋,3,
力林,绢赴捞焊龋,2,
力林,绢赴捞焊龋,5,
力林,绢赴捞焊龋,4,
力林,绢赴捞焊龋,4,
力林,绢赴捞焊龋,4,
力林,绢赴捞焊龋,4,
力林,绢赴捞焊龋,4,
力林,绢赴捞焊龋,17,
力林,绢赴捞焊龋,4,
力林,绢赴捞焊龋,4,
力林,绢赴捞焊龋,4,
力林,绢赴捞焊龋,4,
力林,绢赴捞焊龋,4,
力林,绢赴捞焊龋,4,
力林,绢赴捞焊龋,7,
力林,绢赴捞焊龋,6,
力林,绢赴捞焊龋,4,
力林,绢赴捞焊龋,7,
力林,绢赴捞焊龋,5,
力林,绢赴捞焊龋,11,
力林,绢赴捞焊龋,4,
力林,绢赴捞焊龋,4,
力林,绢赴捞焊龋,4,
力林,绢赴捞焊龋,6,
力林,绢赴捞焊龋,4,
力林,绢赴捞焊龋,4,
力林,绢赴捞焊龋,4,
力林,绢赴捞焊龋,4,
力林,绢赴捞焊龋,3,
力林,绢赴捞焊龋,4,
力林,绢赴捞焊龋,4,
力林,绢赴捞焊龋,3,
力林,绢赴捞焊龋,3,
力林,绢赴捞焊龋,6,
力林,绢赴捞焊龋,3,
力林,绢赴捞焊龋,4,
力林,绢赴捞焊龋,15,
力林,绢赴捞焊龋,7,
力林,绢赴捞焊龋,4,
力林,绢赴捞焊龋,4,
力林,绢赴捞焊龋,3,
力林,绢赴捞焊龋,3,
力林,绢赴捞焊龋,5,
力林,绢赴捞焊龋,7,
力林,绢赴捞焊龋,5,
力林,绢赴捞焊龋,7,
力林,绢赴捞焊龋,5,
力林,绢赴捞焊龋,4,
力林,绢赴捞焊龋,4,
力林,绢赴捞焊龋,5,
力林,绢赴捞焊龋,4,
力林,绢赴捞焊龋,4,
力林,绢赴捞焊龋,4,
力林,绢赴捞焊龋,11,
力林,绢赴捞焊龋,4,
力林,绢赴捞焊龋,4,
力林,绢赴捞焊龋,4,
力林,绢赴捞焊龋,5,
力林,绢赴捞焊龋,4,
力林,绢赴捞焊龋,3,
力林,绢赴捞焊龋,4,
力林,绢赴捞焊龋,4,
力林,绢赴捞焊龋,3,
力林,绢赴捞焊龋,4,
力林,绢赴捞焊龋,4,
力林,绢赴捞焊龋,4,
力林,绢赴捞焊龋,4,
力林,绢赴捞焊龋,4,
力林,绢赴捞焊龋,4,
力林,绢赴捞焊龋,5,
力林,绢赴捞焊龋,4,
力林,绢赴捞焊龋,4,
力林,绢赴捞焊龋,4,
力林,绢赴捞焊龋,5,
力林,绢赴捞焊龋,4,
力林,绢赴捞焊龋,4,
力林,绢赴捞焊龋,4,
力林,绢赴捞焊龋,12,
力林,绢赴捞焊龋,4,
力林,绢赴捞焊龋,3,
力林,绢赴捞焊龋,4,
力林,绢赴捞焊龋,7,
力林,绢赴捞焊龋,5,
力林,绢赴捞焊龋,4,
力林,绢赴捞焊龋,3,
力林,绢赴捞焊龋,3,
力林,绢赴捞焊龋,8,
力林,绢赴捞焊龋,2,
力林,绢赴捞焊龋,4,
力林,绢赴捞焊龋,13,
力林,绢赴捞焊龋,4,
力林,绢赴捞焊龋,5,
力林,绢赴捞焊龋,5,
力林,绢赴捞焊龋,6,
力林,绢赴捞焊龋,10,
力林,绢赴捞焊龋,4,
力林,绢赴捞焊龋,11,
力林,绢赴捞焊龋,6,
力林,绢赴捞焊龋,5,
力林,绢赴捞焊龋,8,
力林,绢赴捞焊龋,8,
力林,绢赴捞焊龋,4,
力林,绢赴捞焊龋,5,
力林,绢赴捞焊龋,3,
力林,绢赴捞焊龋,3,
力林,绢赴捞焊龋,9,
力林,绢赴捞焊龋,4,
力林,绢赴捞焊龋,3,
力林,绢赴捞焊龋,3,
力林,绢赴捞焊龋,6,
力林,绢赴捞焊龋,5,
力林,绢赴捞焊龋,5,
力林,绢赴捞焊龋,10,
力林,绢赴捞焊龋,5,
力林,绢赴捞焊龋,6,
力林,绢赴捞焊龋,4,
力林,绢赴捞焊龋,5,
力林,绢赴捞焊龋,5,
力林,绢赴捞焊龋,5,
力林,绢赴捞焊龋,4,
力林,绢赴捞焊龋,5,
力林,绢赴捞焊龋,12,
力林,绢赴捞焊龋,5,
力林,绢赴捞焊龋,6,
力林,绢赴捞焊龋,6,
力林,绢赴捞焊龋,4,
力林,绢赴捞焊龋,16,
力林,绢赴捞焊龋,6,
力林,绢赴捞焊龋,14,
力林,绢赴捞焊龋,7,
力林,绢赴捞焊龋,7,
力林,绢赴捞焊龋,4,
力林,绢赴捞焊龋,4,
力林,绢赴捞焊龋,5,
力林,绢赴捞焊龋,4,
力林,绢赴捞焊龋,5,
力林,绢赴捞焊龋,3,
力林,绢赴捞焊龋,5,
力林,绢赴捞焊龋,11,
力林,绢赴捞焊龋,4,
力林,绢赴捞焊龋,3,
力林,绢赴捞焊龋,7,
力林,绢赴捞焊龋,4,
力林,绢赴捞焊龋,5,
力林,绢赴捞焊龋,4,
力林,绢赴捞焊龋,6,
力林,绢赴捞焊龋,4,
力林,绢赴捞焊龋,1,
力林,绢赴捞焊龋,0,
力林,绢赴捞焊龋,3,
力林,绢赴捞焊龋,4,
力林,绢赴捞焊龋,3,
力林,绢赴捞焊龋,4,
力林,绢赴捞焊龋,5,
力林,绢赴捞焊龋,4,
力林,绢赴捞焊龋,9,
力林,绢赴捞焊龋,5,
力林,绢赴捞焊龋,4,
力林,绢赴捞焊龋,4,
力林,绢赴捞焊龋,6,
力林,绢赴捞焊龋,5,
力林,绢赴捞焊龋,15,
力林,绢赴捞焊龋,6,
力林,绢赴捞焊龋,4,
力林,绢赴捞焊龋,4,
力林,绢赴捞焊龋,4,
力林,绢赴捞焊龋,2,
力林,绢赴捞焊龋,8,
力林,绢赴捞焊龋,5,
力林,绢赴捞焊龋,4,
力林,绢赴捞焊龋,6,
力林,绢赴捞焊龋,4,
力林,绢赴捞焊龋,5,
力林,绢赴捞焊龋,3,
力林,绢赴捞焊龋,4,
力林,绢赴捞焊龋,7,
力林,绢赴捞焊龋,5,
力林,绢赴捞焊龋,7,
力林,绢赴捞焊龋,4,
力林,绢赴捞焊龋,13,
力林,绢赴捞焊龋,5,
力林,绢赴捞焊龋,5,
力林,绢赴捞焊龋,4,
力林,绢赴捞焊龋,4,
力林,绢赴捞焊龋,6,
力林,绢赴捞焊龋,10,
力林,绢赴捞焊龋,5,
力林,绢赴捞焊龋,5,
力林,绢赴捞焊龋,4,
力林,绢赴捞焊龋,13,
力林,绢赴捞焊龋,4,
力林,绢赴捞焊龋,4,
力林,绢赴捞焊龋,5,
力林,绢赴捞焊龋,4,
力林,绢赴捞焊龋,4,
力林,绢赴捞焊龋,4,
力林,绢赴捞焊龋,6,
力林,绢赴捞焊龋,6,
力林,绢赴捞焊龋,6,
力林,绢赴捞焊龋,3,
力林,绢赴捞焊龋,3,
力林,绢赴捞焊龋,13,
力林,绢赴捞焊龋,5,
力林,绢赴捞焊龋,3,
力林,绢赴捞焊龋,3,
力林,绢赴捞焊龋,4,
力林,绢赴捞焊龋,4,
力林,绢赴捞焊龋,3,
力林,绢赴捞焊龋,4,
力林,绢赴捞焊龋,27,
力林,绢赴捞焊龋,3,
力林,绢赴捞焊龋,3,
力林,绢赴捞焊龋,5,
力林,绢赴捞焊龋,3,
力林,绢赴捞焊龋,21,
力林,绢赴捞焊龋,3,
力林,绢赴捞焊龋,4,
力林,绢赴捞焊龋,5,
力林,绢赴捞焊龋,7,
力林,绢赴捞焊龋,5,
力林,绢赴捞焊龋,4,
力林,绢赴捞焊龋,11,
力林,绢赴捞焊龋,4,
力林,绢赴捞焊龋,5,
力林,绢赴捞焊龋,4,
力林,绢赴捞焊龋,10,
力林,绢赴捞焊龋,6,
力林,绢赴捞焊龋,6,
力林,绢赴捞焊龋,4,
力林,绢赴捞焊龋,4,
力林,绢赴捞焊龋,9,
力林,绢赴捞焊龋,3,
力林,绢赴捞焊龋,8,
力林,绢赴捞焊龋,4,
力林,绢赴捞焊龋,4,
力林,绢赴捞焊龋,4,
力林,绢赴捞焊龋,7,
力林,绢赴捞焊龋,4,
力林,绢赴捞焊龋,10,
力林,绢赴捞焊龋,5,
力林,绢赴捞焊龋,4,
力林,绢赴捞焊龋,5,
力林,绢赴捞焊龋,5,
力林,绢赴捞焊龋,4,
力林,绢赴捞焊龋,7,
力林,绢赴捞焊龋,5,
力林,绢赴捞焊龋,4,
力林,绢赴捞焊龋,4,
力林,绢赴捞焊龋,4,
力林,绢赴捞焊龋,4,
力林,绢赴捞焊龋,4,
力林,绢赴捞焊龋,4,
力林,绢赴捞焊龋,5,
力林,绢赴捞焊龋,5,
力林,绢赴捞焊龋,3,
力林,绢赴捞焊龋,3,
力林,绢赴捞焊龋,3,
力林,绢赴捞焊龋,5,
力林,绢赴捞焊龋,4,
力林,绢赴捞焊龋,4,
力林,绢赴捞焊龋,5,
力林,绢赴捞焊龋,4,
力林,绢赴捞焊龋,5,
力林,绢赴捞焊龋,4,
力林,绢赴捞焊龋,3,
力林,绢赴捞焊龋,5,
力林,绢赴捞焊龋,4,
力林,绢赴捞焊龋,3,
力林,绢赴捞焊龋,4,
力林,绢赴捞焊龋,5,
力林,绢赴捞焊龋,4,
力林,绢赴捞焊龋,7,
力林,绢赴捞焊龋,5,
力林,绢赴捞焊龋,5,
力林,绢赴捞焊龋,5,
力林,绢赴捞焊龋,5,
力林,绢赴捞焊龋,5,
力林,绢赴捞焊龋,3,
力林,绢赴捞焊龋,5,
力林,绢赴捞焊龋,6,
力林,绢赴捞焊龋,7,
力林,绢赴捞焊龋,5,
力林,绢赴捞焊龋,6,
力林,绢赴捞焊龋,5,
力林,绢赴捞焊龋,5,
力林,绢赴捞焊龋,4,
力林,绢赴捞焊龋,5,
力林,绢赴捞焊龋,5,
力林,绢赴捞焊龋,5,
力林,绢赴捞焊龋,8,
力林,绢赴捞焊龋,4,
力林,绢赴捞焊龋,4,
力林,绢赴捞焊龋,5,
力林,绢赴捞焊龋,5,
力林,绢赴捞焊龋,4,
力林,绢赴捞焊龋,4,
力林,绢赴捞焊龋,4,
力林,绢赴捞焊龋,4,
力林,绢赴捞焊龋,5,
力林,绢赴捞焊龋,5,
力林,绢赴捞焊龋,5,
力林,绢赴捞焊龋,4,
力林,绢赴捞焊龋,4,
力林,绢赴捞焊龋,6,
力林,绢赴捞焊龋,5,
力林,绢赴捞焊龋,5,
力林,绢赴捞焊龋,5,
力林,绢赴捞焊龋,5,
力林,绢赴捞焊龋,7,
力林,绢赴捞焊龋,4,
力林,绢赴捞焊龋,4,
力林,绢赴捞焊龋,5,
力林,绢赴捞焊龋,7,
力林,绢赴捞焊龋,4,
力林,绢赴捞焊龋,5,
力林,绢赴捞焊龋,6,
力林,绢赴捞焊龋,5,
力林,绢赴捞焊龋,5,
力林,绢赴捞焊龋,5,
力林,绢赴捞焊龋,4,
力林,绢赴捞焊龋,4,
力林,绢赴捞焊龋,4,
力林,绢赴捞焊龋,5,
力林,绢赴捞焊龋,7,
力林,绢赴捞焊龋,4,
力林,绢赴捞焊龋,5,
力林,绢赴捞焊龋,4,
力林,绢赴捞焊龋,4,
力林,绢赴捞焊龋,1,
力林,绢赴捞焊龋,3,
力林,绢赴捞焊龋,5,
力林,绢赴捞焊龋,2,
力林,绢赴捞焊龋,3,
力林,绢赴捞焊龋,4,
力林,绢赴捞焊龋,5,
力林,绢赴捞焊龋,4,
力林,绢赴捞焊龋,4,
力林,绢赴捞焊龋,7,
力林,绢赴捞焊龋,4,
力林,绢赴捞焊龋,4,
力林,绢赴捞焊龋,4,
力林,绢赴捞焊龋,5,
力林,绢赴捞焊龋,4,
力林,绢赴捞焊龋,4,
力林,绢赴捞焊龋,6,
力林,绢赴捞焊龋,3,
力林,绢赴捞焊龋,4,
力林,绢赴捞焊龋,4,
力林,绢赴捞焊龋,4,
力林,绢赴捞焊龋,3,
力林,绢赴捞焊龋,5,
力林,绢赴捞焊龋,5,
力林,绢赴捞焊龋,5,
力林,绢赴捞焊龋,5,
力林,绢赴捞焊龋,5,
力林,绢赴捞焊龋,5,
力林,绢赴捞焊龋,4,
力林,绢赴捞焊龋,4,
力林,绢赴捞焊龋,6,
力林,绢赴捞焊龋,4,
力林,绢赴捞焊龋,5,
力林,绢赴捞焊龋,6,
力林,绢赴捞焊龋,4,
力林,绢赴捞焊龋,4,
力林,绢赴捞焊龋,6,
力林,绢赴捞焊龋,7,
力林,绢赴捞焊龋,5,
力林,绢赴捞焊龋,7,
力林,绢赴捞焊龋,7,
力林,绢赴捞焊龋,5,
力林,绢赴捞焊龋,4,
力林,绢赴捞焊龋,1,
力林,绢赴捞焊龋,6,
力林,绢赴捞焊龋,4,
力林,绢赴捞焊龋,4,
力林,绢赴捞焊龋,6,
力林,绢赴捞焊龋,9,
力林,绢赴捞焊龋,4,
力林,绢赴捞焊龋,4,
力林,绢赴捞焊龋,4,
力林,绢赴捞焊龋,3,
力林,绢赴捞焊龋,3,
力林,绢赴捞焊龋,3,
力林,绢赴捞焊龋,3,
力林,绢赴捞焊龋,3,
力林,绢赴捞焊龋,4,
力林,绢赴捞焊龋,4,
力林,绢赴捞焊龋,6,
力林,绢赴捞焊龋,4,
力林,绢赴捞焊龋,5,
力林,绢赴捞焊龋,4,
力林,绢赴捞焊龋,5,
力林,绢赴捞焊龋,4,
力林,绢赴捞焊龋,4,
力林,绢赴捞焊龋,4,
力林,绢赴捞焊龋,3,
力林,绢赴捞焊龋,4,
力林,绢赴捞焊龋,4,
力林,绢赴捞焊龋,4,
力林,绢赴捞焊龋,4,
力林,绢赴捞焊龋,4,
力林,绢赴捞焊龋,3,
力林,绢赴捞焊龋,5,
力林,绢赴捞焊龋,4,
力林,绢赴捞焊龋,4,
力林,绢赴捞焊龋,3,
力林,绢赴捞焊龋,4,
力林,绢赴捞焊龋,4,
力林,绢赴捞焊龋,3,
力林,绢赴捞焊龋,4,
力林,绢赴捞焊龋,4,
力林,绢赴捞焊龋,8,
力林,绢赴捞焊龋,4,
力林,绢赴捞焊龋,6,
力林,绢赴捞焊龋,4,
力林,绢赴捞焊龋,5,
力林,绢赴捞焊龋,3,
力林,绢赴捞焊龋,5,
力林,绢赴捞焊龋,4,
力林,绢赴捞焊龋,4,
力林,绢赴捞焊龋,3,
力林,绢赴捞焊龋,6,
力林,绢赴捞焊龋,5,
力林,绢赴捞焊龋,7,
力林,绢赴捞焊龋,5,
力林,绢赴捞焊龋,4,
力林,绢赴捞焊龋,5,
力林,绢赴捞焊龋,5,
力林,绢赴捞焊龋,3,
力林,绢赴捞焊龋,5,
力林,绢赴捞焊龋,5,
力林,绢赴捞焊龋,5,
力林,绢赴捞焊龋,5,
力林,绢赴捞焊龋,5,
力林,绢赴捞焊龋,6,
力林,绢赴捞焊龋,8,
力林,绢赴捞焊龋,4,
力林,绢赴捞焊龋,7,
力林,绢赴捞焊龋,5,
力林,绢赴捞焊龋,5,
力林,绢赴捞焊龋,3,
力林,绢赴捞焊龋,4,
力林,绢赴捞焊龋,5,
力林,绢赴捞焊龋,5,
力林,绢赴捞焊龋,5,
力林,绢赴捞焊龋,4,
力林,绢赴捞焊龋,4,
力林,绢赴捞焊龋,1,
力林,绢赴捞焊龋,5,
力林,绢赴捞焊龋,4,
力林,绢赴捞焊龋,4,
力林,绢赴捞焊龋,5,
力林,绢赴捞焊龋,4,
力林,绢赴捞焊龋,4,
力林,绢赴捞焊龋,7,
力林,绢赴捞焊龋,4,
力林,绢赴捞焊龋,5,
力林,绢赴捞焊龋,3,
力林,绢赴捞焊龋,4,
力林,绢赴捞焊龋,5,
力林,绢赴捞焊龋,5,
力林,绢赴捞焊龋,5,
力林,绢赴捞焊龋,7,
力林,绢赴捞焊龋,6,
力林,绢赴捞焊龋,4,
力林,绢赴捞焊龋,4,
力林,绢赴捞焊龋,4,
力林,绢赴捞焊龋,4,
力林,绢赴捞焊龋,4,
力林,绢赴捞焊龋,5,
力林,绢赴捞焊龋,5,
力林,绢赴捞焊龋,3,
力林,绢赴捞焊龋,5,
力林,绢赴捞焊龋,5,
力林,绢赴捞焊龋,4,
力林,绢赴捞焊龋,5,
力林,绢赴捞焊龋,3,
力林,绢赴捞焊龋,5,
力林,绢赴捞焊龋,4,
力林,绢赴捞焊龋,5,
力林,绢赴捞焊龋,4,
力林,绢赴捞焊龋,4,
力林,绢赴捞焊龋,1,
力林,绢赴捞焊龋,4,
力林,绢赴捞焊龋,4,
力林,绢赴捞焊龋,5,
力林,绢赴捞焊龋,4,
力林,绢赴捞焊龋,4,
力林,绢赴捞焊龋,4,
力林,绢赴捞焊龋,5,
力林,绢赴捞焊龋,5,
力林,绢赴捞焊龋,5,
力林,绢赴捞焊龋,5,
力林,绢赴捞焊龋,5,
力林,绢赴捞焊龋,4,
力林,绢赴捞焊龋,5,
力林,绢赴捞焊龋,5,
力林,绢赴捞焊龋,5,
力林,绢赴捞焊龋,4,
力林,绢赴捞焊龋,4,
力林,绢赴捞焊龋,4,
力林,绢赴捞焊龋,4,
力林,绢赴捞焊龋,4,
力林,绢赴捞焊龋,4,
力林,绢赴捞焊龋,5,
力林,绢赴捞焊龋,6,
力林,绢赴捞焊龋,5,
力林,绢赴捞焊龋,6,
力林,绢赴捞焊龋,3,
力林,绢赴捞焊龋,5,
力林,绢赴捞焊龋,5,
力林,绢赴捞焊龋,5,
力林,绢赴捞焊龋,4,
力林,绢赴捞焊龋,5,
力林,绢赴捞焊龋,5,
力林,绢赴捞焊龋,4,
力林,绢赴捞焊龋,5,
力林,绢赴捞焊龋,4,
力林,绢赴捞焊龋,5,
力林,瞒樊规裹,2,
力林,瞒樊规裹,2,
力林,瞒樊规裹,2,
力林,瞒樊规裹,4,
力林,瞒樊规裹,3,
力林,瞒樊规裹,3,
力林,瞒樊规裹,4,
力林,瞒樊规裹,5,
力林,瞒樊规裹,4,
力林,瞒樊规裹,3,
力林,瞒樊规裹,4,
力林,瞒樊规裹,4,
力林,瞒樊规裹,2,
力林,瞒樊规裹,2,
力林,瞒樊规裹,3,
力林,瞒樊规裹,2,
力林,瞒樊规裹,3,
力林,瞒樊规裹,3,
力林,瞒樊规裹,3,
力林,瞒樊规裹,3,
力林,瞒樊规裹,3,
力林,瞒樊规裹,3,
力林,矫汲拱包府,3,
力林,矫汲拱包府,23,
力林,矫汲拱包府,16,
力林,矫汲拱包府,16,
力林,矫汲拱包府,4,
力林,矫汲拱包府,6,
力林,矫汲拱包府,37,
力林,矫汲拱包府,37,
力林,矫汲拱包府,37,
力林,矫汲拱包府,37,
力林,矫汲拱包府,37,
力林,矫汲拱包府,27,
力林,矫汲拱包府,2,
力林,矫汲拱包府,6,
力林,矫汲拱包府,37,
力林,矫汲拱包府,6,
力林,矫汲拱包府,29,
力林,矫汲拱包府,7,
力林,矫汲拱包府,17,
力林,矫汲拱包府,37,
力林,矫汲拱包府,36,
力林,矫汲拱包府,6,
力林,矫汲拱包府,17,
力林,矫汲拱包府,29,
力林,矫汲拱包府,27,
力林,矫汲拱包府,3,
力林,矫汲拱包府,3,
力林,矫汲拱包府,3,
力林,矫汲拱包府,3,
力林,矫汲拱包府,3,
力林,矫汲拱包府,3,
力林,矫汲拱包府,2,
力林,矫汲拱包府,2,
力林,矫汲拱包府,2,
力林,矫汲拱包府,2,
力林,矫汲拱包府,2,
力林,矫汲拱包府,4,
力林,矫汲拱包府,9,
力林,矫汲拱包府,30,
力林,矫汲拱包府,64,
力林,矫汲拱包府,2,
力林,矫汲拱包府,10,
力林,矫汲拱包府,3,
力林,矫汲拱包府,10,
力林,矫汲拱包府,15,
力林,扁鸥,1,
力林,静饭扁窜加,6,
力林,扁鸥,1,
力林,扁鸥,1,
力林,矫汲拱包府,14,
力林,矫汲拱包府,6,
力林,扁鸥,1,
力林,矫汲拱包府,1,
力林,静饭扁窜加,2,
力林,静饭扁窜加,2,
力林,静饭扁窜加,2,
力林,静饭扁窜加,2,
力林,静饭扁窜加,2,
力林,静饭扁窜加,2,
力林,静饭扁窜加,2,
力林,静饭扁窜加,2,
力林,静饭扁窜加,2,
力林,静饭扁窜加,2,
力林,静饭扁窜加,2,
力林,静饭扁窜加,2,
力林,静饭扁窜加,2,
力林,静饭扁窜加,2,
力林,静饭扁窜加,2,
力林,静饭扁窜加,4,
力林,矫汲拱包府,2,
力林,背烹窜加,6,
力林,背烹窜加,2,
力林,矫汲拱包府,3,
力林,矫汲拱包府,3,
力林,积劝规裹,22,
力林,积劝规裹,3,
力林,静饭扁窜加,26,
力林,矫汲拱包府,6,
力林,积劝规裹,5,
力林,积劝规裹,4,
力林,积劝规裹,5,
力林,积劝规裹,4,
力林,积劝规裹,5,
力林,积劝规裹,5,
力林,积劝规裹,5,
力林,积劝规裹,2,
力林,积劝规裹,2,
力林,积劝规裹,16,
力林,积劝规裹,5,
力林,积劝规裹,5,
力林,积劝规裹,5,
力林,积劝规裹,5,
力林,积劝规裹,4,
力林,积劝规裹,5,
力林,积劝规裹,4,
力林,积劝规裹,4,
力林,矫汲拱包府,8,
力林,静饭扁窜加,2,
力林,静饭扁窜加,2,
力林,静饭扁窜加,3,
力林,静饭扁窜加,2,
力林,静饭扁窜加,3,
力林,静饭扁窜加,2,
力林,静饭扁窜加,2,
力林,静饭扁窜加,2,
力林,静饭扁窜加,2,
力林,静饭扁窜加,2,
力林,静饭扁窜加,2,
力林,静饭扁窜加,2,
力林,静饭扁窜加,3,
力林,静饭扁窜加,2,
力林,静饭扁窜加,3,
力林,静饭扁窜加,2,
力林,静饭扁窜加,2,
力林,静饭扁窜加,2,
力林,静饭扁窜加,1,
力林,静饭扁窜加,2,
力林,静饭扁窜加,2,
力林,静饭扁窜加,4,
力林,静饭扁窜加,2,
力林,静饭扁窜加,2,
力林,静饭扁窜加,2,
力林,静饭扁窜加,1,
力林,静饭扁窜加,2,
力林,静饭扁窜加,2,
力林,静饭扁窜加,2,
力林,积劝规裹,7,
力林,矫汲拱包府,14,
力林,静饭扁窜加,2,
力林,静饭扁窜加,2,
力林,静饭扁窜加,2,
力林,静饭扁窜加,2,
力林,静饭扁窜加,2,
力林,静饭扁窜加,2,
力林,静饭扁窜加,2,
力林,静饭扁窜加,1,
力林,静饭扁窜加,2,
力林,静饭扁窜加,2,
力林,静饭扁窜加,2,
力林,静饭扁窜加,2,
力林,静饭扁窜加,1,
力林,静饭扁窜加,1,
力林,静饭扁窜加,2,
力林,静饭扁窜加,1,
力林,静饭扁窜加,2,
力林,静饭扁窜加,2,
力林,静饭扁窜加,1,
力林,静饭扁窜加,2,
力林,静饭扁窜加,2,
力林,静饭扁窜加,2,
力林,静饭扁窜加,2,
力林,静饭扁窜加,1,
力林,静饭扁窜加,2,
力林,静饭扁窜加,2,
力林,静饭扁窜加,3,
力林,静饭扁窜加,2,
力林,静饭扁窜加,2,
力林,静饭扁窜加,2,
力林,静饭扁窜加,2,
力林,静饭扁窜加,2,
力林,静饭扁窜加,2,
力林,静饭扁窜加,2,
力林,静饭扁窜加,1,
力林,静饭扁窜加,2,
力林,静饭扁窜加,2,
力林,静饭扁窜加,2,
力林,静饭扁窜加,1,
力林,静饭扁窜加,1,
力林,静饭扁窜加,1,
力林,静饭扁窜加,1,
力林,静饭扁窜加,1,
力林,静饭扁窜加,1,
力林,静饭扁窜加,1,
力林,静饭扁窜加,1,
力林,静饭扁窜加,1,
力林,静饭扁窜加,1,
力林,矫汲拱包府,2,
力林,静饭扁窜加,1,
力林,静饭扁窜加,1,
力林,静饭扁窜加,1,
力林,静饭扁窜加,1,
力林,静饭扁窜加,1,
力林,静饭扁窜加,1,
力林,静饭扁窜加,1,
力林,静饭扁窜加,1,
力林,静饭扁窜加,1,
力林,静饭扁窜加,1,
力林,静饭扁窜加,1,
力林,静饭扁窜加,1,
力林,静饭扁窜加,1,
力林,静饭扁窜加,1,
力林,静饭扁窜加,1,
力林,静饭扁窜加,1,
力林,静饭扁窜加,1,
力林,静饭扁窜加,1,
力林,静饭扁窜加,1,
力林,静饭扁窜加,1,
力林,静饭扁窜加,1,
力林,静饭扁窜加,1,
力林,静饭扁窜加,1,
力林,静饭扁窜加,1,
力林,静饭扁窜加,1,
力林,扁鸥,1,
力林,扁鸥,1,
力林,矫汲拱包府,1,
力林,静饭扁窜加,2,
力林,静饭扁窜加,2,
力林,静饭扁窜加,2,
力林,静饭扁窜加,2,
力林,静饭扁窜加,2,
力林,扁鸥,2,
力林,静饭扁窜加,2,
力林,静饭扁窜加,2,
力林,静饭扁窜加,2,
力林,静饭扁窜加,2,
力林,静饭扁窜加,2,
力林,静饭扁窜加,2,
力林,静饭扁窜加,2,
力林,静饭扁窜加,2,
力林,静饭扁窜加,2,
力林,静饭扁窜加,2,
力林,静饭扁窜加,2,
力林,静饭扁窜加,2,
力林,静饭扁窜加,3,
力林,静饭扁窜加,3,
力林,静饭扁窜加,2,
力林,静饭扁窜加,2,
力林,静饭扁窜加,2,
力林,静饭扁窜加,2,
力林,静饭扁窜加,2,
力林,静饭扁窜加,2,
力林,静饭扁窜加,2,
力林,静饭扁窜加,2,
力林,静饭扁窜加,2,
力林,静饭扁窜加,2,
力林,静饭扁窜加,2,
力林,静饭扁窜加,2,
力林,静饭扁窜加,2,
力林,静饭扁窜加,1,
力林,静饭扁窜加,2,
力林,静饭扁窜加,1,
力林,静饭扁窜加,2,
力林,静饭扁窜加,1,
力林,矫汲拱包府,16,
力林,矫汲拱包府,7,
力林,扁鸥,1,
力林,矫汲拱包府,1,
力林,扁鸥,1,
力林,扁鸥,2,
力林,矫汲拱包府,2,
力林,矫汲拱包府,38,
力林,矫汲拱包府,2,
力林,矫汲拱包府,5,
力林,矫汲拱包府,6,
力林,矫汲拱包府,2,
力林,矫汲拱包府,4,
力林,矫汲拱包府,4,
力林,矫汲拱包府,4,
力林,矫汲拱包府,4,
力林,矫汲拱包府,4,
力林,矫汲拱包府,4,
力林,矫汲拱包府,4,
力林,矫汲拱包府,4,
