소재지,설치목적,카메라대수,설치년월
광주,생활방범,2,2019-01
광주,생활방범,2,2019-01
광주,생활방범,2,2019-01
광주,생활방범,2,2019-01
광주,생활방범,2,2019-01
광주,생활방범,2,2019-01
광주,생활방범,2,2019-01
광주,생활방범,2,2019-01
광주,생활방범,2,2019-01
광주,생활방범,2,2019-01
광주,생활방범,2,2019-01
광주,생활방범,3,2019-01
광주,생활방범,2,2019-01
광주,생활방범,2,2019-01
광주,생활방범,2,2019-01
광주,생활방범,2,2019-01
광주,생활방범,2,2019-01
광주,생활방범,2,2019-01
광주,생활방범,2,2019-01
광주,생활방범,2,2019-01
광주,생활방범,2,2019-01
광주,생활방범,1,2019-01
광주,생활방범,2,2019-01
광주,생활방범,2,2019-01
광주,생활방범,2,2019-01
광주,생활방범,2,2019-01
광주,생활방범,2,2019-01
광주,생활방범,2,2019-01
광주,생활방범,2,2019-01
광주,생활방범,2,2019-01
광주,생활방범,2,2019-01
광주,생활방범,2,2019-01
광주,생활방범,2,2019-01
광주,생활방범,2,2019-01
광주,생활방범,2,2019-01
광주,생활방범,2,2019-01
광주,생활방범,2,2019-01
광주,생활방범,2,2019-01
광주,생활방범,2,2019-01
광주,생활방범,2,2019-01
광주,생활방범,2,2019-01
광주,생활방범,2,2019-01
광주,생활방범,2,2019-01
광주,생활방범,2,2019-01
광주,생활방범,3,2019-01
광주,생활방범,2,2019-01
광주,생활방범,3,2019-01
광주,생활방범,2,2019-01
광주,생활방범,3,2019-01
광주,생활방범,2,2019-01
광주,생활방범,2,2019-01
광주,생활방범,2,2019-01
광주,생활방범,2,2019-01
광주,생활방범,2,2019-01
광주,생활방범,2,2019-01
광주,생활방범,2,2019-01
광주,생활방범,2,2019-01
광주,생활방범,3,2019-01
광주,생활방범,2,2019-01
광주,생활방범,2,2019-01
광주,생활방범,2,2019-01
광주,생활방범,2,2019-01
광주,생활방범,2,2019-01
광주,생활방범,2,2019-01
광주,생활방범,2,2019-01
광주,생활방범,2,2019-01
광주,생활방범,3,2019-01
광주,생활방범,3,2019-01
광주,생활방범,2,2019-01
광주,생활방범,3,2019-01
광주,생활방범,3,2019-01
광주,생활방범,2,2019-01
광주,생활방범,3,2019-01
광주,생활방범,3,2019-01
광주,생활방범,1,2019-01
광주,생활방범,2,2019-01
광주,생활방범,2,2019-01
광주,생활방범,2,2019-01
광주,생활방범,2,2019-01
광주,생활방범,2,2019-01
광주,생활방범,3,2019-01
광주,생활방범,3,2019-01
광주,생활방범,3,2019-01
광주,생활방범,3,2019-01
광주,생활방범,2,2019-01
광주,생활방범,2,2019-01
광주,생활방범,2,2019-01
광주,생활방범,2,2019-01
광주,생활방범,3,2019-01
광주,생활방범,2,2019-01
광주,생활방범,2,2019-01
광주,생활방범,2,2019-01
광주,생활방범,3,2019-01
광주,생활방범,3,2019-01
광주,생활방범,2,2019-01
광주,생활방범,3,2019-01
광주,생활방범,1,2019-01
광주,생활방범,2,2019-01
광주,생활방범,3,2019-01
광주,생활방범,2,2019-01
광주,생활방범,3,2019-01
광주,생활방범,2,2019-01
광주,생활방범,1,2019-01
광주,생활방범,3,2019-01
광주,생활방범,2,2019-01
광주,생활방범,2,2019-01
광주,생활방범,3,2019-01
광주,생활방범,3,2019-01
광주,생활방범,2,2019-01
광주,생활방범,1,2019-01
광주,생활방범,3,2019-01
광주,생활방범,3,2019-01
광주,생활방범,2,2019-01
광주,생활방범,3,2019-01
광주,생활방범,2,2019-01
광주,생활방범,3,2019-01
광주,생활방범,3,2019-01
광주,생활방범,2,2019-01
광주,생활방범,3,2019-01
광주,생활방범,2,2019-01
광주,생활방범,1,2019-01
광주,생활방범,2,2019-01
광주,생활방범,3,2019-01
광주,생활방범,2,2019-01
광주,생활방범,2,2019-01
광주,생활방범,2,2019-01
광주,생활방범,2,2019-01
광주,생활방범,2,2019-01
광주,생활방범,2,2019-01
광주,생활방범,2,2019-01
광주,생활방범,2,2019-01
광주,생활방범,2,2019-01
광주,생활방범,3,2019-01
광주,생활방범,2,2019-01
광주,생활방범,2,2019-01
광주,생활방범,3,2019-01
광주,생활방범,2,2019-01
광주,생활방범,1,2019-01
광주,생활방범,3,2019-01
광주,생활방범,2,2019-01
광주,생활방범,3,2019-01
광주,생활방범,3,2019-01
광주,생활방범,3,2019-01
광주,생활방범,3,2019-01
광주,생활방범,3,2019-01
광주,생활방범,2,2019-01
광주,생활방범,3,2019-01
광주,생활방범,3,2019-01
광주,생활방범,3,2019-01
광주,생활방범,1,2019-01
광주,생활방범,1,2019-01
광주,생활방범,2,2019-01
광주,생활방범,3,2019-01
광주,생활방범,2,2019-01
광주,생활방범,3,2019-01
광주,생활방범,2,2019-01
광주,생활방범,2,2019-01
광주,생활방범,3,2019-01
광주,생활방범,3,2019-01
광주,생활방범,3,2019-01
광주,생활방범,3,2019-01
광주,생활방범,2,2019-01
광주,생활방범,2,2019-01
광주,생활방범,2,2019-01
광주,생활방범,2,2019-01
광주,생활방범,1,2019-01
광주,생활방범,2,2019-01
광주,생활방범,2,2019-01
광주,생활방범,2,2019-01
광주,생활방범,1,2019-01
광주,생활방범,2,2019-01
광주,생활방범,2,2019-01
광주,생활방범,2,2019-01
광주,생활방범,2,2019-01
광주,생활방범,2,2019-01
광주,생활방범,2,2019-01
광주,생활방범,2,2019-01
광주,생활방범,2,2019-01
광주,생활방범,2,2019-01
광주,생활방범,2,2019-01
광주,생활방범,2,2019-01
광주,생활방범,2,2019-01
광주,생활방범,2,2019-01
광주,생활방범,2,2019-01
광주,생활방범,2,2019-01
광주,생활방범,2,2019-01
광주,생활방범,2,2019-01
광주,생활방범,2,2019-01
광주,생활방범,2,2019-01
광주,생활방범,2,2019-01
광주,생활방범,2,2019-01
광주,생활방범,2,2019-01
광주,생활방범,2,2019-01
광주,생활방범,2,2019-01
광주,생활방범,2,2019-01
광주,생활방범,2,2019-01
광주,생활방범,2,2019-01
광주,생활방범,4,2019-01
광주,생활방범,2,2019-01
광주,생활방범,4,2019-01
광주,생활방범,4,2019-01
광주,생활방범,2,2019-01
광주,생활방범,6,2019-01
광주,생활방범,1,2019-01
광주,생활방범,2,2019-01
광주,생활방범,2,2019-01
광주,생활방범,2,2019-01
광주,생활방범,2,2019-01
광주,생활방범,2,2019-01
광주,생활방범,2,2019-01
광주,생활방범,2,2019-01
광주,생활방범,2,2019-01
광주,생활방범,2,2019-01
광주,생활방범,2,2019-01
광주,생활방범,2,2019-01
광주,생활방범,2,2019-01
광주,생활방범,2,2019-01
광주,생활방범,2,2019-01
광주,생활방범,2,2019-01
광주,생활방범,2,2019-01
광주,생활방범,2,2019-01
광주,생활방범,2,2019-01
광주,생활방범,2,2019-01
광주,생활방범,2,2019-01
광주,생활방범,2,2019-01
광주,생활방범,2,2019-01
광주,생활방범,2,2019-01
광주,생활방범,2,2019-01
광주,생활방범,2,2019-01
광주,생활방범,2,2019-01
광주,생활방범,2,2019-01
광주,생활방범,2,2019-01
광주,생활방범,2,2019-01
광주,생활방범,2,2019-01
광주,생활방범,2,2019-01
광주,생활방범,2,2019-01
광주,생활방범,2,2019-01
광주,생활방범,2,2019-01
광주,생활방범,2,2019-01
광주,생활방범,2,2019-01
광주,생활방범,2,2019-01
광주,생활방범,2,2019-01
광주,생활방범,4,2019-01
광주,생활방범,2,2019-01
광주,생활방범,4,2019-01
광주,생활방범,3,2019-01
광주,생활방범,1,2019-01
광주,생활방범,2,2019-01
광주,생활방범,1,2019-01
광주,생활방범,2,2019-01
광주,생활방범,2,2019-01
광주,생활방범,2,2019-01
광주,생활방범,2,2019-01
광주,생활방범,2,2019-01
광주,생활방범,1,2019-01
광주,생활방범,1,2019-01
광주,생활방범,1,2019-01
광주,쓰레기단속,1,2019-11
광주,쓰레기단속,1,2019-01
광주,쓰레기단속,1,2019-02
광주,쓰레기단속,1,2019-01
광주,쓰레기단속,1,2019-12
광주,쓰레기단속,1,2019-02
광주,쓰레기단속,1,2019-12
광주,쓰레기단속,1,2019-12
광주,쓰레기단속,1,2019-01
광주,쓰레기단속,1,2019-11
광주,쓰레기단속,1,2019-11
광주,쓰레기단속,1,2019-12
광주,쓰레기단속,1,2019-01
광주,쓰레기단속,1,2019-12
광주,쓰레기단속,1,2019-12
광주,쓰레기단속,1,2019-05
광주,쓰레기단속,1,2019-05
광주,쓰레기단속,1,2019-07
광주,쓰레기단속,1,2019-12
광주,쓰레기단속,1,2019-04
광주,쓰레기단속,1,2019-04
광주,쓰레기단속,1,2019-12
광주,쓰레기단속,1,2019-01
광주,쓰레기단속,1,2019-04
광주,쓰레기단속,1,2019-04
광주,쓰레기단속,1,2019-11
광주,쓰레기단속,1,2019-11
광주,쓰레기단속,1,2019-01
광주,쓰레기단속,1,2019-12
광주,쓰레기단속,1,2019-01
광주,쓰레기단속,1,2019-12
광주,쓰레기단속,1,2019-12
광주,쓰레기단속,1,2019-02
광주,쓰레기단속,1,2019-02
광주,쓰레기단속,1,2019-02
광주,쓰레기단속,1,2019-02
광주,쓰레기단속,1,2019-02
광주,쓰레기단속,1,2019-02
광주,쓰레기단속,1,2019-02
광주,쓰레기단속,1,2019-02
광주,쓰레기단속,1,2019-01
광주,쓰레기단속,1,2019-01
광주,쓰레기단속,1,2019-12
광주,쓰레기단속,1,2019-04
광주,쓰레기단속,1,2019-04
광주,쓰레기단속,1,2019-11
광주,쓰레기단속,1,2019-11
광주,쓰레기단속,1,2019-11
광주,쓰레기단속,1,2019-11
광주,쓰레기단속,1,2019-01
광주,쓰레기단속,1,2019-01
광주,쓰레기단속,1,2019-01
광주,쓰레기단속,1,2019-05
광주,쓰레기단속,1,2019-11
광주,쓰레기단속,1,2019-01
광주,쓰레기단속,1,2019-02
광주,쓰레기단속,1,2019-01
광주,쓰레기단속,1,2019-01
광주,쓰레기단속,1,2019-02
광주,쓰레기단속,1,2019-01
광주,쓰레기단속,1,2019-05
광주,쓰레기단속,1,2019-05
광주,쓰레기단속,1,2019-01
광주,쓰레기단속,1,2019-09
광주,쓰레기단속,1,2019-09
광주,쓰레기단속,1,2019-09
광주,쓰레기단속,1,2019-09
광주,쓰레기단속,1,2019-09
광주,쓰레기단속,1,2019-09
광주,쓰레기단속,1,2019-09
광주,쓰레기단속,1,2019-09
광주,교통단속,1,2019-06
광주,교통단속,1,2019-05
광주,교통단속,1,2019-05
광주,교통단속,1,2019-01
광주,교통단속,1,2019-08
광주,교통단속,1,2019-01
광주,교통단속,1,2019-12
광주,교통단속,1,2019-01
광주,교통단속,1,2019-12
광주,교통단속,1,2019-12
광주,교통단속,1,2019-06
광주,교통단속,1,2019-06
광주,교통단속,1,2019-06
광주,교통단속,1,2019-11
광주,교통단속,1,2019-08
광주,교통단속,1,2019-06
광주,교통단속,1,2019-12
광주,교통단속,1,2019-06
광주,교통단속,1,2019-06
광주,교통단속,1,2019-12
광주,교통단속,1,2019-01
광주,교통단속,1,2019-05
광주,교통단속,1,2019-05
광주,교통단속,1,2019-12
광주,교통단속,1,2019-08
광주,교통단속,1,2019-12
광주,교통단속,1,2019-12
광주,교통단속,1,2019-12
광주,교통단속,1,2019-12
광주,교통단속,1,2019-12
광주,교통단속,1,2019-04
광주,교통단속,1,2019-12
광주,교통단속,1,2019-12
광주,교통단속,1,2019-12
광주,교통단속,1,2019-12
광주,교통단속,1,2019-12
광주,교통단속,1,2019-06
광주,교통단속,1,2019-10
광주,교통단속,1,2019-10
광주,교통단속,1,2019-10
광주,교통단속,1,2019-10
광주,교통단속,1,2019-10
광주,교통단속,1,2019-03
광주,교통단속,1,2019-04
광주,교통단속,1,2019-04
광주,교통단속,1,2019-04
광주,교통단속,1,2019-11
광주,교통단속,1,2019-11
광주,교통단속,1,2019-11
광주,교통단속,1,2019-11
광주,교통단속,1,2019-04
광주,교통단속,1,2019-04
광주,교통단속,1,2019-04
광주,교통단속,1,2019-12
광주,교통단속,1,2019-12
광주,교통단속,1,2019-12
광주,교통단속,1,2019-12
광주,교통단속,1,2019-12
광주,교통단속,1,2019-12
광주,교통단속,1,2019-12
광주,교통단속,1,2019-12
광주,교통단속,1,2019-12
광주,교통단속,1,2019-12
광주,교통단속,1,2019-12
광주,교통단속,1,2019-12
광주,쓰레기단속,1,
광주,쓰레기단속,1,
광주,쓰레기단속,1,
광주,쓰레기단속,1,
광주,쓰레기단속,1,
광주,쓰레기단속,1,
광주,쓰레기단속,1,
광주,쓰레기단속,1,
광주,쓰레기단속,1,
광주,쓰레기단속,1,
광주,쓰레기단속,1,
광주,쓰레기단속,1,
광주,쓰레기단속,1,
광주,쓰레기단속,1,
광주,쓰레기단속,1,
광주,쓰레기단속,1,
광주,쓰레기단속,1,
광주,쓰레기단속,1,
광주,쓰레기단속,1,
광주,쓰레기단속,1,
광주,쓰레기단속,1,
광주,쓰레기단속,1,
광주,쓰레기단속,1,
광주,쓰레기단속,1,
광주,쓰레기단속,1,
광주,쓰레기단속,1,
광주,쓰레기단속,1,
광주,쓰레기단속,1,
광주,쓰레기단속,1,
광주,쓰레기단속,1,
광주,쓰레기단속,1,
광주,쓰레기단속,1,
광주,쓰레기단속,1,
광주,쓰레기단속,1,
광주,쓰레기단속,1,
광주,쓰레기단속,1,
광주,쓰레기단속,1,
광주,쓰레기단속,1,
광주,쓰레기단속,1,
광주,쓰레기단속,1,
광주,쓰레기단속,1,
광주,쓰레기단속,1,
광주,쓰레기단속,1,
광주,쓰레기단속,1,
광주,쓰레기단속,1,
광주,쓰레기단속,1,
광주,쓰레기단속,1,
광주,쓰레기단속,1,
광주,쓰레기단속,1,
광주,쓰레기단속,1,
광주,쓰레기단속,1,
광주,쓰레기단속,1,
광주,쓰레기단속,1,
광주,쓰레기단속,1,
광주,쓰레기단속,1,
광주,쓰레기단속,1,
광주,쓰레기단속,1,
광주,쓰레기단속,2,
광주,쓰레기단속,2,
광주,쓰레기단속,2,
광주,쓰레기단속,2,
광주,쓰레기단속,2,
광주,쓰레기단속,2,
광주,쓰레기단속,2,
광주,쓰레기단속,2,
광주,쓰레기단속,2,
광주,쓰레기단속,2,
광주,쓰레기단속,2,
광주,쓰레기단속,2,
광주,쓰레기단속,2,
광주,쓰레기단속,2,
광주,쓰레기단속,2,
광주,쓰레기단속,2,
광주,쓰레기단속,2,
광주,쓰레기단속,2,
광주,쓰레기단속,2,
광주,쓰레기단속,2,
광주,쓰레기단속,2,
광주,쓰레기단속,1,
광주,쓰레기단속,1,
광주,쓰레기단속,1,
광주,쓰레기단속,1,
광주,쓰레기단속,1,
광주,쓰레기단속,1,
광주,쓰레기단속,1,
광주,쓰레기단속,1,
광주,쓰레기단속,1,
광주,쓰레기단속,1,
광주,쓰레기단속,1,
광주,쓰레기단속,1,
광주,쓰레기단속,1,
광주,쓰레기단속,1,
광주,쓰레기단속,1,
광주,쓰레기단속,1,
광주,쓰레기단속,1,
광주,쓰레기단속,1,
광주,쓰레기단속,1,
광주,쓰레기단속,1,
광주,쓰레기단속,2,
광주,쓰레기단속,2,
광주,쓰레기단속,2,
광주,쓰레기단속,2,
광주,쓰레기단속,2,
광주,쓰레기단속,2,
광주,쓰레기단속,2,
광주,쓰레기단속,2,
광주,쓰레기단속,2,
광주,쓰레기단속,2,
광주,쓰레기단속,2,
광주,쓰레기단속,2,
광주,쓰레기단속,2,
광주,쓰레기단속,2,
광주,쓰레기단속,2,
광주,쓰레기단속,2,
광주,쓰레기단속,2,
광주,쓰레기단속,2,
광주,쓰레기단속,2,
광주,쓰레기단속,2,
광주,쓰레기단속,2,
광주,쓰레기단속,2,
광주,쓰레기단속,2,
광주,쓰레기단속,2,
광주,쓰레기단속,2,
광주,쓰레기단속,2,
광주,쓰레기단속,2,
광주,쓰레기단속,2,
광주,쓰레기단속,2,
광주,쓰레기단속,2,
광주,쓰레기단속,2,
광주,쓰레기단속,2,
광주,쓰레기단속,2,
광주,쓰레기단속,2,
광주,쓰레기단속,2,
광주,쓰레기단속,2,
광주,쓰레기단속,2,
광주,쓰레기단속,2,
광주,쓰레기단속,2,
광주,쓰레기단속,2,
광주,쓰레기단속,2,
광주,쓰레기단속,2,
광주,쓰레기단속,2,
광주,쓰레기단속,2,
광주,쓰레기단속,2,
광주,쓰레기단속,2,
광주,쓰레기단속,2,
광주,쓰레기단속,2,
광주,쓰레기단속,2,
광주,쓰레기단속,2,
광주,쓰레기단속,2,
광주,쓰레기단속,2,
광주,쓰레기단속,2,
광주,쓰레기단속,2,
광주,쓰레기단속,2,
광주,쓰레기단속,2,
광주,쓰레기단속,2,
광주,쓰레기단속,2,
광주,쓰레기단속,2,
광주,쓰레기단속,2,
광주,쓰레기단속,2,
광주,쓰레기단속,2,
광주,쓰레기단속,2,
광주,쓰레기단속,2,
광주,쓰레기단속,2,
광주,쓰레기단속,2,
광주,쓰레기단속,2,
광주,쓰레기단속,2,
광주,쓰레기단속,2,
광주,쓰레기단속,2,
광주,쓰레기단속,2,
광주,쓰레기단속,2,
광주,쓰레기단속,2,
광주,쓰레기단속,2,
광주,쓰레기단속,2,
광주,쓰레기단속,2,
광주,쓰레기단속,2,
광주,쓰레기단속,2,
광주,쓰레기단속,2,
광주,쓰레기단속,2,
광주,쓰레기단속,2,
광주,쓰레기단속,2,
광주,쓰레기단속,2,
광주,쓰레기단속,2,
광주,쓰레기단속,2,
광주,쓰레기단속,2,
광주,쓰레기단속,2,
광주,쓰레기단속,2,
광주,쓰레기단속,2,
광주,쓰레기단속,2,
광주,쓰레기단속,2,
광주,쓰레기단속,2,
광주,쓰레기단속,2,
광주,쓰레기단속,2,
광주,쓰레기단속,2,
광주,쓰레기단속,2,
광주,쓰레기단속,2,
광주,쓰레기단속,2,
광주,쓰레기단속,2,
광주,쓰레기단속,2,
광주,쓰레기단속,2,
광주,쓰레기단속,2,
광주,쓰레기단속,2,
광주,쓰레기단속,2,
광주,쓰레기단속,2,
광주,쓰레기단속,2,
광주,쓰레기단속,2,
광주,쓰레기단속,2,
광주,쓰레기단속,2,
광주,쓰레기단속,2,
광주,쓰레기단속,2,
광주,쓰레기단속,2,
광주,쓰레기단속,2,
광주,쓰레기단속,2,
광주,쓰레기단속,2,
광주,쓰레기단속,2,
광주,쓰레기단속,2,
광주,쓰레기단속,2,
광주,쓰레기단속,2,
광주,쓰레기단속,2,
광주,쓰레기단속,2,
광주,쓰레기단속,2,
광주,쓰레기단속,2,
광주,쓰레기단속,2,
광주,쓰레기단속,2,
광주,쓰레기단속,2,
광주,쓰레기단속,2,
광주,쓰레기단속,2,
광주,쓰레기단속,2,
광주,쓰레기단속,2,
광주,교통단속,1,
광주,교통단속,1,
광주,교통단속,1,
광주,교통단속,1,
광주,교통단속,1,
광주,교통단속,1,
광주,교통단속,1,
광주,교통단속,1,
광주,교통단속,1,
광주,교통단속,1,
광주,교통단속,1,
광주,교통단속,1,
광주,교통단속,1,
광주,교통단속,1,
광주,교통단속,1,
광주,교통단속,1,
광주,교통단속,1,
광주,교통단속,1,
광주,교통단속,1,
광주,교통단속,1,
광주,교통단속,1,
광주,교통단속,1,
광주,교통단속,1,
광주,교통단속,1,
광주,교통단속,1,
광주,교통단속,1,
광주,교통단속,1,
광주,교통단속,1,
광주,교통단속,1,
광주,교통단속,1,
광주,교통단속,1,
광주,교통단속,1,
광주,교통단속,1,
광주,교통단속,1,
광주,교통단속,1,
광주,교통단속,1,
광주,교통단속,1,
광주,교통단속,1,
광주,교통단속,1,
광주,교통단속,1,
광주,교통단속,1,
광주,교통단속,1,
광주,교통단속,1,
광주,교통단속,1,
광주,교통단속,1,
광주,교통단속,1,
광주,교통단속,1,
광주,교통단속,1,
광주,교통단속,1,
광주,교통단속,1,
광주,교통단속,1,
광주,다목적,1,
광주,다목적,2,
광주,교통단속,1,2018-02
광주,교통단속,1,2018-07
광주,교통단속,1,2018-07
광주,교통단속,1,2018-10
광주,교통단속,1,2018-12
광주,교통단속,1,2018-11
광주,교통단속,1,2018-03
광주,교통단속,1,2018-03
광주,교통단속,1,2018-03
광주,교통단속,1,2018-04
광주,교통단속,1,2018-04
광주,교통단속,1,2018-04
광주,교통단속,1,2018-04
광주,교통단속,1,2018-04
광주,교통단속,1,2018-12
광주,교통단속,1,2018-12
광주,교통단속,1,2018-12
광주,교통단속,1,2018-12
광주,교통단속,1,2018-06
광주,교통단속,1,2018-06
광주,교통단속,1,2018-06
광주,교통단속,1,2018-06
광주,교통단속,1,2018-06
광주,교통단속,1,2018-06
광주,교통단속,1,2018-06
광주,교통단속,1,2018-06
광주,교통단속,1,2018-12
광주,교통단속,1,2018-12
광주,교통단속,1,2018-12
광주,교통단속,1,2018-09
광주,교통단속,1,2018-09
광주,교통단속,1,2018-09
광주,교통단속,1,2018-09
광주,교통단속,1,2018-02
광주,교통단속,1,2018-05
광주,교통단속,1,2018-05
광주,교통단속,1,2019-02
광주,교통단속,1,2019-02
광주,교통단속,1,2019-02
광주,교통단속,1,2019-02
광주,교통단속,1,2019-02
광주,교통단속,1,2019-02
광주,교통단속,1,2019-02
광주,시설물관리,8,
광주,재난재해,1,
광주,재난재해,1,
광주,재난재해,1,
광주,재난재해,1,
광주,재난재해,1,
광주,재난재해,1,
광주,재난재해,1,
광주,재난재해,1,
광주,재난재해,1,2017-01
광주,재난재해,1,2017-01
광주,재난재해,1,2017-01
광주,재난재해,1,2017-01
광주,재난재해,1,2017-01
광주,재난재해,1,2017-01
광주,재난재해,1,2017-01
광주,어린이보호,2,2017-02
광주,어린이보호,2,2017-02
광주,어린이보호,2,2017-02
광주,어린이보호,2,2017-02
광주,어린이보호,2,2017-02
광주,어린이보호,2,2017-02
광주,어린이보호,2,2017-02
광주,어린이보호,2,2017-02
광주,어린이보호,2,2017-02
광주,어린이보호,2,2017-02
광주,어린이보호,2,2017-12
광주,어린이보호,2,2017-12
광주,어린이보호,2,2017-12
광주,어린이보호,2,2017-12
광주,어린이보호,2,2017-12
광주,어린이보호,2,2017-12
광주,어린이보호,2,2017-12
광주,어린이보호,2,2017-12
광주,어린이보호,2,2017-12
광주,어린이보호,2,2017-12
광주,어린이보호,2,2017-12
광주,어린이보호,2,2017-12
광주,어린이보호,2,2017-12
광주,어린이보호,2,2017-12
광주,어린이보호,2,2017-12
광주,어린이보호,2,2017-12
광주,어린이보호,2,2017-12
광주,어린이보호,2,2017-12
광주,어린이보호,2,2017-12
광주,어린이보호,2,2017-12
광주,어린이보호,2,2017-12
광주,어린이보호,2,2017-12
광주,어린이보호,2,2017-12
광주,어린이보호,2,2017-12
광주,어린이보호,2,2017-12
광주,어린이보호,2,2017-12
광주,어린이보호,2,2017-12
광주,어린이보호,2,2017-12
광주,어린이보호,2,2017-01
광주,어린이보호,2,2017-01
광주,어린이보호,2,2017-01
광주,어린이보호,2,2017-01
광주,어린이보호,2,2017-01
광주,어린이보호,2,2017-01
광주,어린이보호,2,2017-01
광주,어린이보호,2,2017-01
광주,어린이보호,2,2017-01
광주,어린이보호,2,2017-01
광주,어린이보호,2,2017-01
광주,어린이보호,2,2017-01
광주,어린이보호,2,2017-01
광주,어린이보호,2,2017-01
광주,어린이보호,2,2017-01
광주,어린이보호,2,2017-01
광주,어린이보호,2,2017-01
광주,어린이보호,2,2017-01
광주,어린이보호,2,2017-01
광주,어린이보호,2,2017-01
광주,어린이보호,3,2017-01
광주,어린이보호,2,2017-01
광주,어린이보호,2,2017-01
광주,어린이보호,2,2017-01
광주,어린이보호,2,2017-01
광주,어린이보호,2,2017-01
광주,어린이보호,2,2017-01
광주,어린이보호,2,2017-01
광주,어린이보호,2,2017-01
광주,어린이보호,2,2017-01
광주,어린이보호,2,2017-01
광주,어린이보호,2,2017-01
광주,어린이보호,2,2017-01
광주,어린이보호,2,2017-01
광주,어린이보호,2,2017-01
광주,어린이보호,2,2017-01
광주,어린이보호,2,2017-01
광주,어린이보호,2,2017-01
광주,어린이보호,2,2017-01
광주,어린이보호,2,2017-01
광주,어린이보호,2,2017-01
광주,어린이보호,2,2017-01
광주,어린이보호,2,2017-01
광주,어린이보호,2,2017-01
광주,어린이보호,2,2017-01
광주,어린이보호,2,2017-01
광주,어린이보호,2,2017-01
광주,어린이보호,2,2017-01
광주,어린이보호,2,2017-01
광주,어린이보호,2,2017-01
광주,어린이보호,2,2017-01
광주,어린이보호,2,2017-01
광주,어린이보호,2,2017-01
광주,어린이보호,2,2017-01
광주,어린이보호,2,2017-01
광주,어린이보호,2,2017-01
광주,어린이보호,2,2017-09
광주,어린이보호,2,2017-09
광주,어린이보호,2,2017-09
광주,어린이보호,2,2017-09
광주,어린이보호,2,2017-09
광주,어린이보호,2,2017-09
광주,어린이보호,2,2017-09
광주,어린이보호,2,2017-09
광주,어린이보호,2,2017-09
광주,어린이보호,2,2017-09
광주,어린이보호,2,2017-09
광주,어린이보호,2,2017-09
광주,어린이보호,2,2017-09
광주,어린이보호,2,2017-09
광주,어린이보호,2,2017-09
광주,어린이보호,2,2017-09
광주,어린이보호,2,2017-09
광주,어린이보호,2,2017-09
광주,어린이보호,2,2017-09
광주,어린이보호,2,2017-09
광주,어린이보호,2,2017-09
광주,어린이보호,2,2017-09
광주,어린이보호,2,2017-09
광주,어린이보호,2,2017-09
광주,어린이보호,2,2017-04
광주,어린이보호,2,2017-04
광주,어린이보호,2,2017-04
광주,어린이보호,2,2017-04
광주,어린이보호,2,2017-04
광주,어린이보호,2,2017-04
광주,어린이보호,2,2017-04
광주,어린이보호,2,2017-04
광주,어린이보호,2,2017-04
광주,어린이보호,2,2017-04
광주,어린이보호,2,2017-09
광주,어린이보호,2,2017-04
광주,어린이보호,2,2017-04
광주,어린이보호,2,2017-04
광주,어린이보호,2,2017-04
광주,어린이보호,2,2017-04
광주,어린이보호,2,2017-04
광주,어린이보호,2,2017-04
광주,어린이보호,2,2017-04
광주,어린이보호,2,2017-04
광주,어린이보호,2,2017-04
광주,어린이보호,2,2017-04
광주,어린이보호,2,2017-04
광주,어린이보호,2,2017-04
광주,어린이보호,2,2017-04
광주,어린이보호,2,2017-04
광주,어린이보호,2,2017-04
광주,어린이보호,2,2017-04
광주,어린이보호,2,2017-04
광주,어린이보호,2,2017-09
광주,어린이보호,2,2017-01
광주,어린이보호,2,2017-11
광주,어린이보호,2,2017-09
광주,어린이보호,3,2017-01
광주,어린이보호,2,2017-11
광주,어린이보호,2,2017-01
광주,어린이보호,2,2017-09
광주,어린이보호,2,2017-11
광주,어린이보호,2,2017-01
광주,어린이보호,2,2017-09
광주,어린이보호,2,2017-01
광주,어린이보호,2,2017-04
광주,어린이보호,2,2017-04
광주,어린이보호,2,2017-04
광주,어린이보호,2,2017-09
광주,어린이보호,2,2017-09
광주,어린이보호,2,2017-04
광주,어린이보호,2,2017-09
광주,어린이보호,2,2017-09
광주,어린이보호,2,2017-04
광주,어린이보호,2,2017-01
광주,어린이보호,2,2017-09
광주,어린이보호,2,2017-09
광주,어린이보호,2,2017-01
광주,어린이보호,2,2017-01
광주,어린이보호,3,2017-04
광주,어린이보호,2,2017-04
광주,어린이보호,2,2017-04
광주,어린이보호,2,2017-01
광주,어린이보호,2,2017-01
광주,어린이보호,3,2017-04
광주,어린이보호,2,2017-04
광주,어린이보호,2,2017-01
광주,어린이보호,2,2017-09
광주,어린이보호,2,2017-09
광주,어린이보호,2,2017-09
광주,어린이보호,2,2017-01
광주,어린이보호,2,2017-01
광주,어린이보호,2,2017-01
광주,어린이보호,2,2017-11
광주,어린이보호,2,2017-04
광주,어린이보호,2,2017-04
광주,어린이보호,2,2017-04
광주,어린이보호,2,2017-01
광주,어린이보호,2,2017-09
광주,어린이보호,2,2017-09
광주,어린이보호,3,2017-01
광주,어린이보호,2,2017-04
광주,어린이보호,2,2017-04
광주,어린이보호,2,2017-01
광주,어린이보호,2,2017-11
광주,어린이보호,2,2017-04
광주,어린이보호,2,2017-04
광주,어린이보호,2,2017-04
광주,어린이보호,2,2017-01
광주,어린이보호,2,2017-04
광주,어린이보호,2,2017-04
광주,어린이보호,2,2017-11
광주,어린이보호,2,2017-04
광주,어린이보호,2,2017-04
광주,어린이보호,2,2017-04
광주,어린이보호,1,2017-04
광주,어린이보호,1,2017-04
광주,어린이보호,2,2017-04
광주,어린이보호,2,2017-04
광주,어린이보호,2,2017-01
광주,어린이보호,2,2017-04
광주,어린이보호,2,2017-01
광주,어린이보호,2,2017-01
광주,어린이보호,2,2017-04
광주,어린이보호,3,2017-04
광주,어린이보호,2,2017-01
광주,어린이보호,2,2017-01
광주,어린이보호,2,2017-04
광주,어린이보호,2,2017-01
광주,어린이보호,2,2017-11
광주,어린이보호,2,2017-01
광주,어린이보호,1,2017-04
광주,어린이보호,1,2017-04
광주,어린이보호,2,2017-04
광주,어린이보호,2,2017-04
광주,어린이보호,1,2017-09
광주,어린이보호,2,2017-09
광주,어린이보호,3,2017-04
광주,어린이보호,2,2017-04
광주,어린이보호,1,2017-04
광주,어린이보호,2,2017-01
광주,어린이보호,2,2017-01
광주,어린이보호,2,2017-11
광주,어린이보호,1,2017-09
광주,어린이보호,2,2017-01
광주,어린이보호,2,2017-04
광주,어린이보호,2,2017-01
광주,어린이보호,2,2017-01
광주,어린이보호,2,2017-04
광주,어린이보호,2,2017-01
광주,어린이보호,2,2017-04
광주,어린이보호,2,2017-01
광주,어린이보호,2,2017-04
광주,어린이보호,2,2017-04
광주,어린이보호,2,2017-04
광주,어린이보호,2,2017-04
광주,어린이보호,2,2017-04
광주,어린이보호,2,2017-09
광주,어린이보호,2,2017-09
광주,어린이보호,2,2017-04
광주,어린이보호,3,2017-04
광주,어린이보호,1,2017-04
광주,어린이보호,2,2017-04
광주,어린이보호,2,2017-01
광주,어린이보호,2,2017-11
광주,어린이보호,2,2017-04
광주,어린이보호,2,2017-04
광주,어린이보호,2,2017-01
광주,어린이보호,2,2017-11
광주,어린이보호,2,2017-04
광주,어린이보호,2,2017-04
광주,어린이보호,2,2017-01
광주,어린이보호,2,2017-04
광주,어린이보호,2,2017-09
광주,어린이보호,2,2017-09
광주,어린이보호,2,2017-01
광주,어린이보호,2,2017-01
광주,어린이보호,2,2017-11
광주,어린이보호,2,2017-01
광주,어린이보호,2,2017-04
광주,어린이보호,2,2017-04
광주,어린이보호,2,2017-04
광주,어린이보호,2,2017-04
광주,어린이보호,2,2017-01
광주,어린이보호,2,2017-01
광주,어린이보호,2,2017-01
광주,어린이보호,2,2017-01
광주,어린이보호,1,2017-04
광주,어린이보호,2,2017-04
광주,어린이보호,2,2017-04
광주,어린이보호,2,2017-04
광주,어린이보호,2,2017-01
광주,어린이보호,2,2017-01
광주,어린이보호,2,2017-01
광주,어린이보호,2,2017-01
광주,어린이보호,4,2017-01
광주,어린이보호,1,2017-09
광주,어린이보호,2,2017-04
광주,어린이보호,2,2017-01
광주,어린이보호,2,2017-01
광주,어린이보호,2,2017-01
광주,어린이보호,3,2017-04
광주,어린이보호,2,2017-04
광주,어린이보호,2,2017-01
광주,어린이보호,3,2017-04
광주,어린이보호,2,2017-04
광주,어린이보호,2,2017-11
광주,어린이보호,2,2017-11
광주,어린이보호,2,2017-01
광주,어린이보호,2,2017-04
광주,어린이보호,2,2017-11
광주,어린이보호,2,2017-04
광주,어린이보호,2,2017-04
광주,어린이보호,2,2017-11
광주,어린이보호,2,2017-09
광주,어린이보호,2,2017-09
광주,어린이보호,2,2017-04
광주,어린이보호,2,2017-11
광주,어린이보호,2,2017-09
광주,어린이보호,2,2017-11
광주,어린이보호,2,2017-09
광주,어린이보호,2,2017-11
광주,어린이보호,2,2017-04
광주,어린이보호,2,2017-04
광주,어린이보호,2,2017-04
광주,어린이보호,2,2017-01
광주,어린이보호,2,2017-01
광주,어린이보호,2,2017-11
광주,어린이보호,2,2017-11
광주,어린이보호,2,2017-09
광주,어린이보호,2,2017-04
광주,어린이보호,2,2017-01
광주,어린이보호,2,2017-04
광주,어린이보호,2,2017-09
광주,어린이보호,2,2017-04
광주,어린이보호,2,2017-11
광주,어린이보호,2,2017-09
광주,어린이보호,2,2017-11
광주,어린이보호,2,2017-04
광주,어린이보호,2,2017-04
광주,어린이보호,2,2017-04
광주,어린이보호,2,2017-09
광주,어린이보호,2,2017-11
광주,어린이보호,2,2017-01
광주,어린이보호,2,2017-09
광주,어린이보호,2,2017-01
광주,어린이보호,2,2017-04
광주,어린이보호,2,2017-09
광주,어린이보호,2,2017-01
광주,어린이보호,2,2017-04
광주,어린이보호,2,2017-04
광주,어린이보호,2,2017-04
광주,어린이보호,1,2017-04
광주,어린이보호,2,2017-09
광주,어린이보호,2,2017-01
광주,어린이보호,2,2017-01
광주,어린이보호,1,2017-04
광주,어린이보호,2,2017-04
광주,어린이보호,2,2017-04
광주,어린이보호,1,2017-04
광주,어린이보호,2,2017-01
광주,어린이보호,2,2017-11
광주,어린이보호,2,2017-04
광주,어린이보호,1,2017-09
광주,어린이보호,2,2017-01
광주,어린이보호,1,2017-09
광주,어린이보호,1,2017-04
광주,어린이보호,2,2017-11
광주,어린이보호,2,2017-09
광주,어린이보호,2,2017-01
광주,어린이보호,2,2017-11
광주,어린이보호,1,2017-04
광주,어린이보호,2,2017-04
광주,어린이보호,2,2017-01
광주,어린이보호,2,2017-01
광주,어린이보호,1,2017-04
광주,어린이보호,2,2017-11
광주,어린이보호,2,2017-01
광주,어린이보호,2,2017-01
광주,어린이보호,2,2017-01
광주,어린이보호,2,2017-09
광주,어린이보호,2,2017-01
광주,어린이보호,2,2017-09
광주,어린이보호,1,2017-04
광주,어린이보호,2,2017-11
광주,어린이보호,2,2017-11
광주,어린이보호,1,2017-09
광주,어린이보호,2,2017-04
광주,어린이보호,2,2017-01
광주,어린이보호,2,2017-04
광주,어린이보호,2,2017-04
광주,어린이보호,2,2017-01
광주,어린이보호,2,2017-04
광주,어린이보호,2,2017-04
광주,어린이보호,2,2017-09
광주,어린이보호,2,2017-01
광주,어린이보호,2,2017-01
광주,어린이보호,2,2017-01
광주,어린이보호,2,2017-01
광주,어린이보호,1,2017-09
광주,어린이보호,2,2017-01
광주,어린이보호,2,2017-11
광주,어린이보호,2,2017-01
광주,어린이보호,2,2017-01
광주,어린이보호,2,2017-01
광주,어린이보호,2,2017-01
광주,어린이보호,2,2017-01
광주,어린이보호,2,2017-09
광주,어린이보호,2,2017-04
광주,어린이보호,2,2017-01
광주,어린이보호,2,2017-01
광주,어린이보호,2,2017-04
광주,어린이보호,1,2017-04
광주,어린이보호,2,2017-01
광주,어린이보호,2,2017-11
광주,어린이보호,2,2017-01
광주,어린이보호,2,2017-01
광주,어린이보호,2,2017-01
광주,어린이보호,2,2017-11
광주,어린이보호,2,2017-01
광주,어린이보호,2,2017-04
광주,어린이보호,2,2017-01
광주,어린이보호,2,2017-11
광주,어린이보호,2,2017-04
광주,어린이보호,2,2017-01
광주,어린이보호,2,2017-01
광주,어린이보호,2,2017-04
광주,어린이보호,2,2017-01
광주,어린이보호,2,2017-01
광주,어린이보호,2,2017-01
광주,어린이보호,2,2017-01
광주,어린이보호,2,2017-01
광주,어린이보호,2,2017-01
광주,어린이보호,2,2017-01
광주,어린이보호,2,2017-01
광주,어린이보호,2,2017-01
광주,어린이보호,2,2017-01
광주,어린이보호,2,2017-01
광주,어린이보호,2,2017-01
광주,어린이보호,2,2017-01
광주,어린이보호,2,2017-01
광주,어린이보호,2,2017-01
광주,어린이보호,2,2017-01
광주,어린이보호,2,2017-02
광주,어린이보호,2,2017-02
광주,어린이보호,2,2017-02
광주,어린이보호,2,2017-02
광주,어린이보호,2,2017-02
광주,어린이보호,2,2017-02
광주,어린이보호,2,2017-02
광주,어린이보호,2,2017-02
광주,어린이보호,2,2017-02
광주,어린이보호,2,2017-12
광주,어린이보호,2,2017-12
광주,어린이보호,2,2017-12
광주,어린이보호,2,2017-12
광주,어린이보호,2,2017-12
광주,어린이보호,2,2017-12
광주,어린이보호,2,2017-12
광주,어린이보호,2,2017-12
광주,어린이보호,2,2017-12
광주,어린이보호,2,2017-12
광주,어린이보호,2,2017-12
광주,어린이보호,2,2017-12
광주,어린이보호,2,2017-12
광주,어린이보호,2,2017-12
광주,어린이보호,2,2017-12
광주,어린이보호,2,2017-12
광주,어린이보호,2,2017-12
광주,어린이보호,2,2017-12
광주,어린이보호,2,2017-12
광주,어린이보호,2,2017-12
광주,어린이보호,4,2017-12
광주,어린이보호,2,2017-12
광주,어린이보호,2,2017-12
광주,어린이보호,2,2017-12
광주,어린이보호,2,2017-12
광주,어린이보호,2,2017-12
광주,어린이보호,2,2017-09
광주,어린이보호,2,2017-09
광주,어린이보호,2,2017-09
광주,어린이보호,2,2017-09
광주,어린이보호,2,2017-09
광주,어린이보호,2,2017-09
광주,어린이보호,2,2017-09
광주,어린이보호,2,2017-09
광주,어린이보호,2,2017-09
광주,어린이보호,2,2017-09
광주,어린이보호,2,2017-09
광주,어린이보호,2,2017-09
광주,어린이보호,2,2017-09
광주,어린이보호,2,2017-09
광주,어린이보호,2,2017-09
광주,어린이보호,2,2017-09
광주,어린이보호,2,2017-09
광주,어린이보호,2,2017-09
광주,어린이보호,2,2017-11
광주,어린이보호,2,2017-11
광주,어린이보호,2,2017-01
광주,어린이보호,2,2017-04
광주,어린이보호,1,2017-04
광주,어린이보호,2,2017-04
광주,어린이보호,2,2017-01
광주,어린이보호,2,2017-04
광주,어린이보호,2,2017-11
광주,어린이보호,2,2017-01
광주,어린이보호,2,2017-11
광주,어린이보호,2,2017-11
광주,어린이보호,2,2017-01
광주,어린이보호,2,2017-04
광주,어린이보호,2,2017-09
광주,어린이보호,2,2017-09
광주,어린이보호,2,2017-01
광주,어린이보호,2,2017-11
광주,어린이보호,2,2017-01
광주,어린이보호,2,2017-01
광주,어린이보호,2,2017-11
광주,어린이보호,2,2017-01
광주,어린이보호,2,2017-04
광주,어린이보호,2,2017-04
광주,어린이보호,2,2017-04
광주,어린이보호,2,2017-04
광주,어린이보호,2,2017-07
광주,어린이보호,2,2017-01
광주,어린이보호,2,2017-04
광주,어린이보호,2,2017-01
광주,어린이보호,2,2017-11
광주,어린이보호,2,2017-01
광주,어린이보호,1,2017-01
광주,어린이보호,2,2017-01
광주,어린이보호,2,2017-04
광주,어린이보호,2,2017-01
광주,어린이보호,2,2017-11
광주,어린이보호,1,2017-04
광주,어린이보호,2,2017-04
광주,어린이보호,2,2017-04
광주,어린이보호,2,2017-01
광주,어린이보호,2,2017-04
광주,어린이보호,2,2017-09
광주,어린이보호,2,2017-01
광주,어린이보호,2,2017-01
광주,어린이보호,2,2017-01
광주,생활방범,2,2017-01
광주,생활방범,2,2017-09
광주,생활방범,2,2017-09
광주,생활방범,2,2017-07
광주,생활방범,2,2017-07
광주,생활방범,2,2017-07
광주,생활방범,2,2017-07
광주,생활방범,2,2017-07
광주,생활방범,2,2017-07
광주,생활방범,2,2017-07
광주,생활방범,2,2017-07
광주,생활방범,2,2017-07
광주,생활방범,2,2017-07
광주,생활방범,2,2017-07
광주,생활방범,2,2017-07
광주,생활방범,2,2017-07
광주,생활방범,2,2017-07
광주,생활방범,2,2017-07
광주,생활방범,2,2017-07
광주,생활방범,2,2017-07
광주,생활방범,2,2017-07
광주,생활방범,2,2017-07
광주,생활방범,2,2017-07
광주,생활방범,2,2017-07
광주,생활방범,2,2017-07
광주,생활방범,2,2017-07
광주,생활방범,2,2017-07
광주,생활방범,2,2017-07
광주,생활방범,2,2017-07
광주,생활방범,2,2017-07
광주,생활방범,2,2017-07
광주,생활방범,2,2017-07
광주,생활방범,2,2017-07
광주,생활방범,2,2017-07
광주,생활방범,2,2017-07
광주,생활방범,2,2017-05
광주,생활방범,2,2017-05
광주,생활방범,2,2017-05
광주,생활방범,2,2017-05
광주,생활방범,2,2017-02
광주,생활방범,2,2017-02
광주,생활방범,2,2017-02
광주,생활방범,2,2017-02
광주,생활방범,2,2017-02
광주,생활방범,2,2017-02
광주,생활방범,2,2017-02
광주,생활방범,2,2017-02
광주,생활방범,2,2017-02
광주,생활방범,2,2017-02
광주,생활방범,2,2017-08
광주,생활방범,2,2017-08
광주,생활방범,2,2017-08
광주,생활방범,2,2017-08
광주,생활방범,2,2017-08
광주,생활방범,2,2017-08
광주,생활방범,2,2017-08
광주,생활방범,2,2017-08
광주,생활방범,2,2017-08
광주,생활방범,2,2017-08
광주,생활방범,2,2017-10
광주,생활방범,2,2017-10
광주,생활방범,2,2017-10
광주,생활방범,2,2017-10
광주,생활방범,2,2017-09
광주,생활방범,2,2017-09
광주,생활방범,2,2017-10
광주,생활방범,2,2017-01
광주,생활방범,2,2017-12
광주,생활방범,2,2017-10
광주,생활방범,2,2017-08
광주,생활방범,2,2017-08
광주,생활방범,2,2017-08
광주,생활방범,2,2017-08
광주,생활방범,2,2017-08
광주,생활방범,2,2017-08
광주,생활방범,2,2017-08
광주,생활방범,2,2017-08
광주,생활방범,2,2017-08
광주,생활방범,2,2017-01
광주,생활방범,2,2017-01
광주,생활방범,2,2017-01
광주,생활방범,2,2017-01
광주,생활방범,2,2017-01
광주,생활방범,2,2017-01
광주,생활방범,2,2017-01
광주,생활방범,2,2017-01
광주,생활방범,2,2017-01
광주,생활방범,2,2017-01
광주,생활방범,2,2017-01
광주,생활방범,2,2017-01
광주,생활방범,2,2017-01
광주,생활방범,2,2017-01
광주,생활방범,2,2017-01
광주,생활방범,2,2017-01
광주,생활방범,2,2017-01
광주,생활방범,2,2017-01
광주,생활방범,2,2017-01
광주,생활방범,2,2017-01
광주,생활방범,2,2017-01
광주,생활방범,2,2017-01
광주,생활방범,2,2017-01
광주,생활방범,2,2017-01
광주,생활방범,2,2017-09
광주,생활방범,2,2017-01
광주,생활방범,2,2017-01
광주,생활방범,2,2017-01
광주,생활방범,2,2017-01
광주,생활방범,2,2017-01
광주,생활방범,2,2017-01
광주,생활방범,2,2017-01
광주,생활방범,2,2017-01
광주,생활방범,2,2017-01
광주,생활방범,2,2017-01
광주,생활방범,2,2017-01
광주,생활방범,2,2017-01
광주,생활방범,2,2017-01
광주,생활방범,2,2017-01
광주,생활방범,2,2017-01
광주,생활방범,2,2017-01
광주,생활방범,2,2017-01
광주,생활방범,2,2017-01
광주,생활방범,2,2017-01
광주,생활방범,2,2017-01
광주,생활방범,2,2017-01
광주,생활방범,2,2017-01
광주,생활방범,1,2017-01
광주,생활방범,2,2017-01
광주,생활방범,2,2017-01
광주,생활방범,2,2017-01
광주,생활방범,2,2017-01
광주,생활방범,1,2017-01
광주,생활방범,2,2017-01
광주,생활방범,2,2017-01
광주,생활방범,2,2017-01
광주,생활방범,2,2017-01
광주,생활방범,2,2017-01
광주,생활방범,2,2017-01
광주,생활방범,2,2017-01
광주,생활방범,2,2017-01
광주,생활방범,2,2017-01
광주,생활방범,2,2017-01
광주,생활방범,2,2017-01
광주,생활방범,2,2017-01
광주,생활방범,2,2017-01
광주,생활방범,2,2017-01
광주,생활방범,2,2017-01
광주,생활방범,1,2017-01
광주,생활방범,2,2017-01
광주,생활방범,2,2017-01
광주,생활방범,2,2017-01
광주,생활방범,2,2017-01
광주,생활방범,2,2017-01
광주,생활방범,2,2017-01
광주,생활방범,2,2017-01
광주,생활방범,2,2017-01
광주,생활방범,2,2017-01
광주,생활방범,2,2017-01
광주,생활방범,2,2017-01
광주,생활방범,2,2017-01
광주,생활방범,2,2017-01
광주,생활방범,2,2017-01
광주,생활방범,2,2017-01
광주,생활방범,2,2017-03
광주,생활방범,2,2017-01
광주,생활방범,2,2017-01
광주,생활방범,2,2017-01
광주,생활방범,2,2017-01
광주,생활방범,2,2017-01
광주,생활방범,2,2017-01
광주,생활방범,2,2017-01
광주,생활방범,2,2017-01
광주,생활방범,2,2017-01
광주,생활방범,2,2017-01
광주,생활방범,2,2017-01
광주,생활방범,2,2017-01
광주,생활방범,2,2017-01
광주,생활방범,2,2017-01
광주,생활방범,1,2017-04
광주,생활방범,2,2017-01
광주,생활방범,2,2017-01
광주,생활방범,1,2017-01
광주,생활방범,2,2017-01
광주,생활방범,2,2017-01
광주,생활방범,2,2017-01
광주,생활방범,2,2017-01
광주,생활방범,2,2017-01
광주,생활방범,2,2017-01
광주,생활방범,2,2017-01
광주,생활방범,2,2017-01
광주,생활방범,2,2017-01
광주,생활방범,2,2017-01
광주,생활방범,2,2017-01
광주,생활방범,2,2017-01
광주,생활방범,1,2017-01
광주,생활방범,2,2017-01
광주,생활방범,2,2017-01
광주,생활방범,1,2017-04
광주,생활방범,2,2017-01
광주,생활방범,2,2017-01
광주,생활방범,2,2017-01
광주,생활방범,2,2017-01
광주,생활방범,2,2017-01
광주,생활방범,2,2017-01
광주,생활방범,2,2017-01
광주,생활방범,2,2017-01
광주,생활방범,2,2017-01
광주,생활방범,2,2017-01
광주,생활방범,2,2017-01
광주,생활방범,2,2017-01
광주,생활방범,2,2017-01
광주,생활방범,1,2017-01
광주,생활방범,2,2017-01
광주,생활방범,1,2017-01
광주,생활방범,2,2017-01
광주,생활방범,2,2017-01
광주,생활방범,1,2017-01
광주,생활방범,2,2017-01
광주,생활방범,2,2017-01
광주,생활방범,2,2017-01
광주,생활방범,2,2017-01
광주,생활방범,2,2017-01
광주,생활방범,2,2017-01
광주,생활방범,2,2017-01
광주,생활방범,2,2017-01
광주,생활방범,2,2017-01
광주,생활방범,2,2017-01
광주,생활방범,2,2017-01
광주,생활방범,2,2017-01
광주,생활방범,2,2017-01
광주,생활방범,2,2017-01
광주,생활방범,2,2017-01
광주,생활방범,2,2017-01
광주,생활방범,2,2017-01
광주,생활방범,2,2017-03
광주,생활방범,2,2017-01
광주,생활방범,2,2017-01
광주,생활방범,2,2017-01
광주,생활방범,2,2017-01
광주,생활방범,2,2017-01
광주,생활방범,2,2017-01
광주,생활방범,2,2017-01
광주,생활방범,2,2017-01
광주,생활방범,2,2017-01
광주,생활방범,2,2017-01
광주,생활방범,2,2017-01
광주,생활방범,2,2017-01
광주,생활방범,2,2017-01
광주,생활방범,2,2017-01
광주,생활방범,2,2017-01
광주,생활방범,2,2017-01
광주,생활방범,2,2017-01
광주,생활방범,2,2017-01
광주,생활방범,2,2017-01
광주,생활방범,2,2017-01
광주,생활방범,2,2017-01
광주,생활방범,2,2017-01
광주,생활방범,3,2017-01
광주,생활방범,2,2017-01
광주,생활방범,2,2017-01
광주,생활방범,2,2017-01
광주,생활방범,1,2017-04
광주,생활방범,2,2017-01
광주,생활방범,2,2017-01
광주,생활방범,2,2017-01
광주,생활방범,2,2017-01
광주,생활방범,2,2017-01
광주,생활방범,2,2017-01
광주,생활방범,1,2017-01
광주,생활방범,1,2017-01
광주,생활방범,2,2017-01
광주,생활방범,2,2017-01
광주,생활방범,2,2017-01
광주,생활방범,2,2017-01
광주,생활방범,2,2017-01
광주,어린이보호,2,2017-04
광주,어린이보호,2,2017-04
광주,어린이보호,1,2017-04
광주,어린이보호,2,2017-04
광주,어린이보호,2,2017-01
광주,어린이보호,2,2017-01
광주,어린이보호,2,2017-09
광주,어린이보호,1,2017-04
광주,어린이보호,2,2017-04
광주,어린이보호,2,2017-11
광주,어린이보호,2,2017-09
광주,어린이보호,2,2017-01
광주,어린이보호,2,2017-01
광주,어린이보호,2,2017-04
광주,어린이보호,1,2017-04
광주,어린이보호,1,2017-04
광주,어린이보호,2,2017-04
광주,어린이보호,2,2017-04
광주,어린이보호,2,2017-04
광주,어린이보호,2,2017-04
광주,어린이보호,2,2017-04
광주,어린이보호,2,2017-04
광주,어린이보호,2,2017-04
광주,어린이보호,2,2017-04
광주,어린이보호,2,2017-11
광주,어린이보호,2,2017-11
광주,어린이보호,2,2017-04
광주,어린이보호,2,2017-01
광주,어린이보호,2,2017-04
광주,어린이보호,2,2017-04
광주,어린이보호,2,2017-04
광주,어린이보호,2,2017-04
광주,어린이보호,2,2017-04
광주,어린이보호,2,2017-01
광주,어린이보호,2,2017-04
광주,어린이보호,2,2017-04
광주,어린이보호,2,2017-04
광주,어린이보호,2,2017-01
광주,어린이보호,2,2017-09
광주,어린이보호,2,2017-01
광주,어린이보호,2,2017-04
광주,어린이보호,2,2017-04
광주,어린이보호,2,2017-09
광주,어린이보호,2,2017-11
광주,어린이보호,2,2017-09
광주,어린이보호,2,2017-01
광주,어린이보호,2,2017-04
광주,어린이보호,2,2017-04
광주,어린이보호,2,2017-01
광주,어린이보호,2,2017-04
광주,어린이보호,2,2017-04
광주,어린이보호,2,2017-04
광주,어린이보호,2,2017-09
광주,어린이보호,2,2017-01
광주,어린이보호,2,2017-01
광주,어린이보호,2,2017-11
광주,어린이보호,2,2017-01
광주,어린이보호,2,2017-09
광주,어린이보호,2,2017-01
광주,어린이보호,2,2017-09
광주,어린이보호,2,2017-01
광주,어린이보호,2,2017-11
광주,어린이보호,2,2017-01
광주,어린이보호,2,2017-01
광주,어린이보호,2,2017-01
광주,어린이보호,2,2017-01
광주,어린이보호,2,2017-01
광주,어린이보호,2,2017-01
광주,어린이보호,2,2017-11
광주,어린이보호,2,2017-04
광주,어린이보호,2,2017-01
광주,어린이보호,2,2017-11
광주,어린이보호,2,2017-01
광주,어린이보호,2,2017-11
광주,어린이보호,2,2017-04
광주,어린이보호,2,2017-04
광주,어린이보호,2,2017-01
광주,어린이보호,2,2017-04
광주,어린이보호,2,2017-11
광주,어린이보호,1,2017-04
광주,어린이보호,1,2017-04
광주,어린이보호,1,2017-04
광주,어린이보호,2,2017-04
광주,어린이보호,2,2017-01
광주,생활방범,2,2017-01
광주,생활방범,2,2017-01
광주,생활방범,2,2017-01
광주,생활방범,2,2017-01
광주,생활방범,2,2017-01
광주,생활방범,2,2017-01
광주,생활방범,2,2017-01
광주,생활방범,2,2017-01
광주,생활방범,2,2017-01
광주,생활방범,2,2017-01
광주,생활방범,2,2017-01
광주,생활방범,2,2017-01
광주,생활방범,2,2017-01
광주,생활방범,2,2017-01
광주,생활방범,2,2017-01
광주,생활방범,2,2017-01
광주,생활방범,2,2017-01
광주,생활방범,2,2017-01
광주,생활방범,2,2017-01
광주,생활방범,2,2017-01
광주,생활방범,2,2017-09
광주,생활방범,2,2017-01
광주,생활방범,2,2017-01
광주,생활방범,2,2017-01
광주,생활방범,2,2017-01
광주,생활방범,2,2017-01
광주,생활방범,1,2017-04
광주,생활방범,2,2017-01
광주,생활방범,1,2017-01
광주,생활방범,2,2017-01
광주,생활방범,2,2017-01
광주,생활방범,2,2017-01
광주,생활방범,2,2017-01
광주,생활방범,1,2017-01
광주,생활방범,2,2017-01
광주,생활방범,2,2017-01
광주,생활방범,2,2017-01
광주,생활방범,2,2017-01
광주,생활방범,2,2017-01
광주,생활방범,2,2017-01
광주,생활방범,2,2017-01
광주,생활방범,2,2017-03
광주,생활방범,2,2017-01
광주,생활방범,2,2017-01
광주,생활방범,2,2017-01
광주,생활방범,2,2017-01
광주,생활방범,2,2017-01
광주,생활방범,2,2017-01
광주,생활방범,2,2017-01
광주,생활방범,2,2017-01
광주,생활방범,2,2017-01
광주,생활방범,2,2017-03
광주,생활방범,2,2017-01
광주,생활방범,2,2017-01
광주,생활방범,1,2017-04
광주,생활방범,2,2017-01
광주,생활방범,2,2017-01
광주,생활방범,2,2017-01
광주,생활방범,2,2017-01
광주,생활방범,2,2017-01
광주,생활방범,2,2017-01
광주,생활방범,2,2017-01
광주,생활방범,2,2017-01
광주,생활방범,2,2017-01
광주,생활방범,2,2017-01
광주,생활방범,2,2017-01
광주,생활방범,2,2017-01
광주,생활방범,2,2017-01
광주,생활방범,2,2017-01
광주,생활방범,2,2017-01
광주,생활방범,2,2017-01
광주,생활방범,2,2017-01
광주,생활방범,1,2017-01
광주,생활방범,2,2017-01
광주,생활방범,2,2017-01
광주,생활방범,2,2017-01
광주,생활방범,2,2017-01
광주,생활방범,2,2017-01
광주,생활방범,2,2017-01
광주,생활방범,2,2017-01
광주,생활방범,2,2017-01
광주,생활방범,2,2017-01
광주,생활방범,2,2017-01
광주,생활방범,2,2017-01
광주,생활방범,2,2017-01
광주,생활방범,2,2017-01
광주,생활방범,2,2017-01
광주,생활방범,2,2017-01
광주,생활방범,2,2017-01
광주,생활방범,2,2017-01
광주,생활방범,2,2017-01
광주,생활방범,1,2017-01
광주,생활방범,2,2017-01
광주,생활방범,2,2017-01
광주,생활방범,2,2017-01
광주,생활방범,2,2017-01
광주,생활방범,2,2017-01
광주,생활방범,2,2017-01
광주,생활방범,1,2017-01
광주,생활방범,2,2017-01
광주,생활방범,2,2017-01
광주,생활방범,2,2017-01
광주,생활방범,2,2017-01
광주,생활방범,2,2017-01
광주,생활방범,2,2017-01
광주,생활방범,2,2017-01
광주,생활방범,2,2017-01
광주,생활방범,2,2017-01
광주,생활방범,2,2017-01
광주,생활방범,2,2017-01
광주,생활방범,2,2017-01
광주,생활방범,2,2017-01
광주,생활방범,2,2017-01
광주,생활방범,2,2017-01
광주,생활방범,2,2017-01
광주,생활방범,2,2017-01
광주,생활방범,2,2017-01
광주,생활방범,2,2017-01
광주,생활방범,2,2017-01
광주,생활방범,2,2017-01
광주,생활방범,2,2017-01
광주,생활방범,2,2017-01
광주,생활방범,1,2017-01
광주,생활방범,2,2017-01
광주,생활방범,2,2017-01
광주,생활방범,2,2017-01
광주,생활방범,2,2017-01
광주,생활방범,2,2017-01
광주,생활방범,2,2017-01
광주,생활방범,2,2017-01
광주,생활방범,2,2017-01
광주,생활방범,2,2017-01
광주,생활방범,2,2017-01
광주,생활방범,2,2017-01
광주,생활방범,2,2017-01
광주,생활방범,1,2017-04
광주,생활방범,1,2017-04
광주,생활방범,1,2017-04
광주,생활방범,2,2017-01
광주,생활방범,2,2017-01
광주,생활방범,2,2017-01
광주,생활방범,2,2017-01
광주,생활방범,2,2017-01
광주,생활방범,2,2017-01
광주,생활방범,2,2017-01
광주,생활방범,2,2017-01
광주,생활방범,1,2017-01
광주,생활방범,2,2017-01
광주,생활방범,2,2017-01
광주,생활방범,2,2017-01
광주,생활방범,2,2017-01
광주,생활방범,2,2017-01
광주,생활방범,2,2017-01
광주,생활방범,2,2017-01
광주,생활방범,2,2017-03
광주,생활방범,2,2017-01
광주,생활방범,2,2017-01
광주,생활방범,2,2017-01
광주,생활방범,2,2017-01
광주,생활방범,2,2017-01
광주,생활방범,2,2017-01
광주,생활방범,2,2017-01
광주,생활방범,2,2017-01
광주,생활방범,2,2017-01
광주,생활방범,2,2017-01
광주,생활방범,2,2017-01
광주,생활방범,2,2017-01
광주,생활방범,2,2017-01
광주,생활방범,2,2017-01
광주,생활방범,2,2017-01
광주,생활방범,2,2017-01
광주,생활방범,2,2017-01
광주,생활방범,2,2017-01
광주,생활방범,2,2017-01
광주,생활방범,2,2017-01
광주,생활방범,2,2017-01
광주,생활방범,2,2017-01
광주,생활방범,2,2017-01
광주,생활방범,2,2017-01
광주,생활방범,2,2017-01
광주,생활방범,2,2017-01
광주,생활방범,2,2017-01
광주,생활방범,2,2017-01
광주,생활방범,2,2017-01
광주,생활방범,1,2017-01
광주,생활방범,2,2017-01
광주,생활방범,2,2017-01
광주,생활방범,2,2017-01
광주,생활방범,2,2017-01
광주,생활방범,2,2017-01
광주,생활방범,2,2017-01
광주,생활방범,2,2017-01
광주,생활방범,1,2017-01
광주,생활방범,2,2017-01
광주,생활방범,2,2017-01
광주,생활방범,2,2017-01
광주,생활방범,2,2017-01
광주,생활방범,2,2017-01
광주,생활방범,2,2017-01
광주,생활방범,2,2017-01
광주,생활방범,2,2017-01
광주,생활방범,2,2017-01
광주,생활방범,2,2017-01
광주,생활방범,2,2017-01
광주,생활방범,2,2017-01
광주,생활방범,2,2017-01
광주,생활방범,2,2017-01
광주,생활방범,2,2017-01
광주,생활방범,2,2017-01
광주,생활방범,2,2017-01
광주,생활방범,2,2017-01
광주,생활방범,2,2017-01
광주,생활방범,2,2017-01
광주,생활방범,2,2017-01
광주,생활방범,2,2017-01
광주,생활방범,1,2017-01
광주,생활방범,2,2017-01
광주,생활방범,2,2017-01
광주,생활방범,2,2017-01
광주,생활방범,2,2017-01
광주,생활방범,2,2017-01
광주,생활방범,2,2017-01
광주,생활방범,2,2017-01
광주,생활방범,2,2017-01
광주,생활방범,2,2017-01
광주,생활방범,2,2017-01
광주,생활방범,2,2017-01
광주,생활방범,2,2017-01
광주,생활방범,2,2017-01
광주,생활방범,2,2017-01
광주,생활방범,2,2017-01
광주,생활방범,2,2017-01
광주,생활방범,2,2017-01
광주,생활방범,1,2017-01
광주,생활방범,2,2017-01
광주,생활방범,2,2017-01
광주,생활방범,2,2017-01
광주,생활방범,2,2017-01
광주,생활방범,2,2017-01
광주,생활방범,2,2017-01
광주,생활방범,2,2017-01
광주,생활방범,2,2017-01
광주,생활방범,2,2017-01
광주,생활방범,2,2017-01
광주,생활방범,1,2017-01
광주,생활방범,2,2017-01
광주,생활방범,2,2017-01
광주,생활방범,2,2017-01
광주,생활방범,2,2017-01
광주,생활방범,2,2017-01
광주,생활방범,2,2017-01
광주,생활방범,2,2017-01
광주,생활방범,2,2017-01
광주,생활방범,2,2017-01
광주,생활방범,2,2017-01
광주,생활방범,2,2017-01
광주,생활방범,2,2017-01
광주,생활방범,2,2017-01
광주,생활방범,1,2017-01
광주,생활방범,2,2017-01
광주,생활방범,2,2017-01
광주,생활방범,2,2017-01
광주,생활방범,2,2017-01
광주,생활방범,2,2017-01
광주,생활방범,2,2017-09
광주,생활방범,2,2017-01
광주,생활방범,2,2017-01
광주,생활방범,2,2017-01
광주,생활방범,2,2017-01
광주,생활방범,2,2017-01
광주,생활방범,1,2017-01
광주,생활방범,2,2017-03
광주,생활방범,2,2017-01
광주,생활방범,1,2017-01
광주,생활방범,1,2017-01
광주,생활방범,2,2017-01
광주,생활방범,2,2017-01
광주,생활방범,2,2017-01
광주,생활방범,2,2017-01
광주,생활방범,2,2017-01
광주,생활방범,2,2017-01
광주,생활방범,2,2017-01
광주,생활방범,3,2017-01
광주,생활방범,2,2017-01
광주,생활방범,2,2017-01
광주,생활방범,2,2017-01
광주,생활방범,1,2017-04
광주,생활방범,2,2017-01
광주,생활방범,2,2017-01
광주,생활방범,2,2017-01
광주,생활방범,2,2017-01
광주,생활방범,2,2017-01
광주,생활방범,2,2017-01
광주,생활방범,2,2017-01
광주,생활방범,2,2017-01
광주,생활방범,2,2017-01
광주,생활방범,2,2017-01
광주,생활방범,2,2017-01
광주,생활방범,1,2017-01
광주,생활방범,2,2017-01
광주,생활방범,2,2017-01
광주,생활방범,2,2017-01
광주,생활방범,2,2017-01
광주,생활방범,2,2017-01
광주,생활방범,2,2017-01
광주,생활방범,2,2017-01
광주,생활방범,2,2017-01
광주,생활방범,2,2017-01
광주,생활방범,2,2017-01
광주,생활방범,2,2017-01
광주,생활방범,2,2017-01
광주,생활방범,2,2017-01
광주,생활방범,2,2017-01
광주,생활방범,2,2017-01
광주,생활방범,2,2017-01
광주,생활방범,2,2017-01
광주,생활방범,2,2017-01
광주,생활방범,2,2017-01
광주,생활방범,2,2017-01
광주,생활방범,1,2017-01
광주,생활방범,1,2017-01
광주,생활방범,2,2017-01
광주,생활방범,2,2017-01
광주,생활방범,2,2017-01
광주,생활방범,1,2017-01
광주,생활방범,2,2017-01
광주,생활방범,2,2017-01
광주,생활방범,2,2017-01
광주,생활방범,2,2017-01
광주,생활방범,1,2017-01
광주,생활방범,2,2017-01
광주,생활방범,2,2017-01
광주,생활방범,2,2017-01
광주,생활방범,2,2017-01
광주,생활방범,2,2017-01
광주,생활방범,2,2017-01
광주,생활방범,2,2017-01
광주,생활방범,2,2017-01
광주,생활방범,2,2017-01
광주,생활방범,2,2017-01
광주,생활방범,1,2017-01
광주,생활방범,2,2017-01
광주,생활방범,2,2017-01
광주,생활방범,2,2017-01
광주,생활방범,2,2017-01
광주,생활방범,1,2017-04
광주,생활방범,2,2017-01
광주,생활방범,2,2017-01
광주,생활방범,2,2017-01
광주,생활방범,2,2017-01
광주,생활방범,2,2017-01
광주,생활방범,2,2017-01
광주,생활방범,2,2017-01
광주,생활방범,2,2017-01
광주,생활방범,2,2017-01
광주,생활방범,2,2017-01
광주,생활방범,2,2017-03
광주,생활방범,2,2017-01
광주,생활방범,2,2017-01
광주,생활방범,2,2017-01
광주,생활방범,2,2017-01
광주,생활방범,2,2017-01
광주,생활방범,2,2017-01
광주,생활방범,2,2017-01
광주,생활방범,2,2017-01
광주,생활방범,2,2017-01
광주,생활방범,2,2017-01
광주,생활방범,2,2017-01
광주,생활방범,2,2017-01
광주,생활방범,2,2017-01
광주,생활방범,2,2017-01
광주,생활방범,2,2017-01
광주,생활방범,2,2017-01
광주,생활방범,2,2017-01
광주,생활방범,2,2017-01
광주,생활방범,2,2017-01
광주,생활방범,2,2017-01
광주,생활방범,2,2017-01
광주,생활방범,2,2017-01
광주,생활방범,2,2017-01
광주,생활방범,2,2017-01
광주,생활방범,2,2017-01
광주,생활방범,2,2017-01
광주,생활방범,2,2017-01
광주,생활방범,2,2017-01
광주,생활방범,2,2017-01
광주,생활방범,2,2017-01
광주,생활방범,2,2017-01
광주,생활방범,2,2017-01
광주,생활방범,2,2017-09
광주,생활방범,2,2017-01
광주,생활방범,2,2017-01
광주,생활방범,2,2017-01
광주,생활방범,1,2017-01
광주,생활방범,2,2017-01
광주,생활방범,1,2017-01
광주,생활방범,1,2017-01
광주,생활방범,2,2017-01
광주,생활방범,2,2017-01
광주,생활방범,2,2017-01
광주,생활방범,2,2017-01
광주,생활방범,2,2017-01
광주,생활방범,2,2017-01
광주,생활방범,2,2017-01
광주,어린이보호,2,2017-09
광주,어린이보호,2,2017-09
광주,어린이보호,2,2017-01
광주,어린이보호,2,2017-11
광주,어린이보호,2,2017-09
광주,어린이보호,2,2017-12
광주,생활방범,2,2017-01
광주,생활방범,2,2017-01
광주,어린이보호,2,2017-12
광주,어린이보호,2,2017-12
광주,어린이보호,2,2017-09
광주,어린이보호,3,2017-01
광주,생활방범,2,2017-01
광주,생활방범,2,2017-01
광주,생활방범,2,2017-01
광주,생활방범,2,2017-01
광주,생활방범,2,2017-01
광주,생활방범,2,2017-01
광주,생활방범,2,2017-01
광주,어린이보호,2,2017-12
광주,어린이보호,2,2017-01
광주,생활방범,2,2017-01
광주,생활방범,2,2017-01
광주,생활방범,2,2017-01
광주,생활방범,2,2017-01
광주,생활방범,2,2017-01
광주,생활방범,2,2017-01
광주,생활방범,2,2017-01
광주,어린이보호,2,2017-09
광주,생활방범,2,2017-01
광주,생활방범,2,2017-01
광주,어린이보호,2,2017-09
광주,생활방범,2,2017-01
광주,어린이보호,2,2017-11
광주,생활방범,2,2017-01
광주,어린이보호,2,2017-01
광주,어린이보호,2,2017-11
광주,어린이보호,2,2017-01
광주,어린이보호,2,2017-01
광주,어린이보호,2,2017-01
광주,생활방범,2,2017-01
광주,생활방범,2,2017-01
광주,생활방범,2,2017-01
광주,어린이보호,2,2017-04
광주,생활방범,2,2017-09
광주,생활방범,2,2017-01
광주,생활방범,2,2017-01
광주,생활방범,2,2017-08
광주,어린이보호,2,2017-09
광주,어린이보호,2,2017-01
광주,어린이보호,2,2017-04
광주,어린이보호,2,2017-04
광주,어린이보호,2,2017-04
광주,생활방범,2,2017-01
광주,생활방범,2,2017-01
광주,생활방범,2,2017-01
광주,어린이보호,2,2017-09
광주,어린이보호,2,2017-09
광주,어린이보호,2,2017-04
광주,어린이보호,2,2017-09
광주,어린이보호,2,2017-12
광주,생활방범,2,2017-01
광주,어린이보호,2,2017-09
광주,어린이보호,2,2017-04
광주,어린이보호,2,2017-01
광주,어린이보호,2,2017-09
광주,어린이보호,2,2017-09
광주,어린이보호,2,2017-01
광주,생활방범,2,2017-01
광주,생활방범,2,2017-01
광주,어린이보호,2,2017-01
광주,생활방범,2,2017-01
광주,어린이보호,2,2017-09
광주,생활방범,2,2017-01
광주,생활방범,2,2017-01
광주,생활방범,2,2017-01
광주,재난재해,1,
광주,재난재해,1,
광주,재난재해,1,
광주,재난재해,1,
광주,재난재해,1,
광주,재난재해,1,
광주,재난재해,1,
광주,재난재해,1,
광주,생활방범,2,2017-01
광주,생활방범,2,2017-01
광주,어린이보호,3,2017-04
광주,어린이보호,2,2017-04
광주,어린이보호,2,2017-04
광주,어린이보호,2,2017-01
광주,어린이보호,2,2017-02
광주,어린이보호,2,2017-01
광주,어린이보호,3,2017-04
광주,생활방범,2,2017-01
광주,어린이보호,2,2017-04
광주,어린이보호,2,2017-01
광주,어린이보호,2,2017-09
광주,어린이보호,2,2017-09
광주,어린이보호,2,2017-09
광주,생활방범,2,2017-01
광주,어린이보호,2,2017-09
광주,생활방범,2,2017-05
광주,생활방범,2,2017-01
광주,어린이보호,2,2017-01
광주,생활방범,2,2017-05
광주,생활방범,2,2017-01
광주,생활방범,2,2017-01
광주,생활방범,2,2017-01
광주,생활방범,2,2017-05
광주,어린이보호,2,2017-01
광주,어린이보호,2,2017-01
광주,어린이보호,2,2017-01
광주,생활방범,2,2017-01
광주,생활방범,2,2017-01
광주,생활방범,1,2017-01
광주,생활방범,2,2017-01
광주,생활방범,2,2017-01
광주,어린이보호,2,2017-11
광주,생활방범,2,2017-01
광주,생활방범,2,2017-01
광주,생활방범,2,2017-08
광주,어린이보호,2,2017-04
광주,생활방범,1,2017-01
광주,생활방범,2,2017-01
광주,생활방범,2,2017-01
광주,생활방범,2,2017-01
광주,생활방범,2,2017-01
광주,생활방범,2,2017-01
광주,생활방범,2,2017-01
광주,생활방범,2,2017-01
광주,생활방범,2,2017-01
광주,생활방범,2,2017-01
광주,생활방범,2,2017-01
광주,어린이보호,2,2017-09
광주,생활방범,2,2017-01
광주,생활방범,2,2017-01
광주,생활방범,2,2017-01
광주,어린이보호,2,2017-04
광주,어린이보호,2,2017-04
광주,어린이보호,2,2017-01
광주,생활방범,2,2017-01
광주,어린이보호,2,2017-09
광주,어린이보호,2,2017-09
광주,생활방범,2,2017-01
광주,생활방범,2,2017-01
광주,어린이보호,2,2017-01
광주,어린이보호,3,2017-01
광주,생활방범,1,2017-01
광주,어린이보호,2,2017-12
광주,생활방범,2,2017-01
광주,생활방범,2,2017-01
광주,생활방범,2,2017-01
광주,생활방범,2,2017-01
광주,생활방범,2,2017-01
광주,생활방범,2,2017-01
광주,어린이보호,2,2017-04
광주,어린이보호,2,2017-04
광주,생활방범,2,2017-01
광주,생활방범,2,2017-01
광주,어린이보호,2,2017-01
광주,생활방범,2,2017-01
광주,생활방범,2,2017-01
광주,어린이보호,2,2017-11
광주,생활방범,2,2017-01
광주,어린이보호,2,2017-02
광주,어린이보호,2,2017-02
광주,어린이보호,2,2017-01
광주,어린이보호,2,2017-04
광주,어린이보호,2,2017-04
광주,어린이보호,2,2017-04
광주,어린이보호,2,2017-01
광주,어린이보호,2,2017-04
광주,어린이보호,2,2017-04
광주,어린이보호,2,2017-11
광주,생활방범,2,2017-01
광주,어린이보호,2,2017-04
광주,어린이보호,2,2017-04
광주,생활방범,2,2017-01
광주,어린이보호,2,2017-04
광주,어린이보호,1,2017-04
광주,어린이보호,1,2017-04
광주,어린이보호,2,2017-04
광주,생활방범,2,2017-01
광주,어린이보호,2,2017-01
광주,어린이보호,2,2017-04
광주,생활방범,2,2017-01
광주,생활방범,2,2017-01
광주,어린이보호,2,2017-01
광주,생활방범,2,2017-10
광주,어린이보호,2,2017-01
광주,생활방범,2,2017-03
광주,생활방범,2,2017-12
광주,어린이보호,2,2017-01
광주,어린이보호,2,2017-04
광주,생활방범,2,2017-01
광주,생활방범,2,2017-01
광주,생활방범,2,2017-01
광주,어린이보호,2,2017-09
광주,어린이보호,2,2017-04
광주,어린이보호,2,2017-01
광주,생활방범,2,2017-01
광주,어린이보호,2,2017-02
광주,생활방범,2,2017-01
광주,생활방범,2,2017-01
광주,어린이보호,2,2017-09
광주,어린이보호,2,2017-01
광주,생활방범,2,2017-01
광주,어린이보호,2,2017-04
광주,생활방범,2,2017-05
광주,생활방범,2,2017-08
광주,어린이보호,3,2017-04
광주,생활방범,2,2017-01
광주,생활방범,2,2017-01
광주,어린이보호,2,2017-12
광주,생활방범,2,2017-01
광주,생활방범,2,2017-08
광주,생활방범,2,2017-08
광주,생활방범,2,2017-01
광주,어린이보호,2,2017-01
광주,생활방범,2,2017-01
광주,생활방범,1,2017-04
광주,생활방범,2,2017-01
광주,어린이보호,2,2017-01
광주,어린이보호,2,2017-01
광주,생활방범,2,2017-01
광주,생활방범,1,2017-01
광주,생활방범,2,2017-01
광주,생활방범,2,2017-01
광주,생활방범,2,2017-01
광주,생활방범,2,2017-01
광주,생활방범,2,2017-01
광주,생활방범,2,2017-01
광주,생활방범,2,2017-01
광주,생활방범,2,2017-01
광주,생활방범,2,2017-01
광주,어린이보호,2,2017-01
광주,어린이보호,2,2017-04
광주,어린이보호,2,2017-01
광주,어린이보호,2,2017-04
광주,어린이보호,2,2017-11
광주,어린이보호,2,2017-01
광주,생활방범,2,2017-01
광주,어린이보호,2,2017-12
광주,어린이보호,1,2017-04
광주,어린이보호,1,2017-04
광주,어린이보호,2,2017-04
광주,어린이보호,2,2017-09
광주,생활방범,2,2017-01
광주,어린이보호,2,2017-04
광주,생활방범,2,2017-01
광주,어린이보호,1,2017-09
광주,어린이보호,2,2017-09
광주,어린이보호,3,2017-04
광주,생활방범,2,2017-01
광주,어린이보호,2,2017-12
광주,어린이보호,2,2017-09
광주,어린이보호,2,2017-04
광주,어린이보호,2,2017-01
광주,어린이보호,1,2017-04
광주,생활방범,1,2017-01
광주,생활방범,2,2017-01
광주,생활방범,2,2017-01
광주,생활방범,1,2017-04
광주,생활방범,2,2017-01
광주,생활방범,2,2017-01
광주,생활방범,2,2017-01
광주,어린이보호,2,2017-01
광주,어린이보호,2,2017-04
광주,생활방범,2,2017-01
광주,어린이보호,2,2017-01
광주,생활방범,2,2017-01
광주,생활방범,2,2017-01
광주,생활방범,2,2017-01
광주,생활방범,2,2017-01
광주,교통단속,1,
광주,교통단속,1,
광주,교통단속,1,
광주,교통단속,1,
광주,교통단속,1,
광주,교통단속,1,
광주,교통단속,1,
광주,교통단속,1,
광주,교통단속,1,
광주,교통단속,1,
광주,교통단속,1,
광주,교통단속,1,
광주,교통단속,1,
광주,교통단속,1,
광주,교통단속,1,
광주,교통단속,1,
광주,교통단속,1,
광주,교통단속,1,
광주,교통단속,1,
광주,교통단속,1,
광주,교통단속,1,
광주,교통단속,1,
광주,교통단속,1,
광주,교통단속,1,
광주,교통단속,1,
광주,교통단속,1,
광주,교통단속,1,
광주,교통단속,1,
광주,교통단속,1,
광주,교통단속,1,
광주,교통단속,1,
광주,교통단속,1,
광주,교통단속,1,
광주,교통단속,1,
광주,교통단속,1,
광주,교통단속,1,
광주,교통단속,1,
광주,교통단속,1,
광주,교통단속,1,
광주,교통단속,1,
광주,교통단속,1,
광주,교통단속,1,
광주,교통단속,1,
광주,교통단속,1,
광주,교통단속,1,
광주,교통단속,1,
광주,교통단속,1,
광주,교통단속,1,
광주,교통단속,1,
광주,교통단속,1,
광주,교통단속,1,
광주,교통단속,1,
광주,교통단속,1,
광주,교통단속,1,
광주,교통단속,1,
광주,교통단속,1,
광주,교통단속,1,
광주,교통단속,1,
광주,교통단속,1,
광주,교통단속,1,
광주,교통단속,1,
광주,교통단속,1,
광주,교통단속,1,
광주,교통단속,1,
광주,교통단속,1,
광주,교통단속,1,
광주,교통단속,1,
광주,교통단속,1,
광주,교통단속,1,
광주,교통단속,1,
광주,교통단속,1,
광주,교통단속,1,
광주,교통단속,1,
광주,교통단속,1,
광주,교통단속,1,
광주,교통단속,1,
광주,교통단속,1,
광주,교통단속,1,
광주,교통단속,1,
광주,교통단속,1,
광주,교통단속,1,
광주,교통단속,1,
광주,교통단속,1,
광주,교통단속,1,
광주,교통단속,1,
광주,교통단속,1,
광주,교통단속,1,2018-12
광주,교통단속,1,2018-06
광주,교통단속,1,2018-06
광주,재난재해,1,
광주,재난재해,1,
광주,재난재해,1,2017-01
광주,재난재해,1,2017-01
광주,재난재해,1,2017-01
광주,재난재해,1,2017-01
광주,재난재해,1,2017-01
광주,재난재해,1,2017-01
광주,재난재해,1,2017-01
광주,재난재해,1,2017-01
광주,재난재해,1,2017-01
광주,재난재해,1,2017-01
광주,어린이보호,2,2017-02
광주,어린이보호,2,2017-02
광주,어린이보호,2,2017-02
광주,어린이보호,2,2017-02
광주,어린이보호,2,2017-02
광주,어린이보호,2,2017-02
광주,어린이보호,2,2017-02
광주,어린이보호,2,2017-02
광주,어린이보호,2,2017-02
광주,어린이보호,2,2017-02
광주,어린이보호,2,2017-02
광주,어린이보호,2,2017-02
광주,어린이보호,2,2017-02
광주,어린이보호,2,2017-02
광주,어린이보호,2,2017-02
광주,어린이보호,2,2017-12
광주,어린이보호,2,2017-12
광주,어린이보호,2,2017-12
광주,어린이보호,2,2017-12
광주,어린이보호,2,2017-12
광주,어린이보호,2,2017-12
광주,어린이보호,2,2017-12
광주,어린이보호,2,2017-12
광주,어린이보호,2,2017-01
광주,어린이보호,2,2017-01
광주,어린이보호,2,2017-01
광주,어린이보호,2,2017-01
광주,어린이보호,2,2017-01
광주,어린이보호,2,2017-01
광주,어린이보호,2,2017-01
광주,어린이보호,2,2017-09
광주,어린이보호,2,2017-09
광주,어린이보호,2,2017-09
광주,어린이보호,2,2017-04
광주,어린이보호,2,2017-04
광주,어린이보호,2,2017-04
광주,어린이보호,2,2017-04
광주,어린이보호,2,2017-04
광주,어린이보호,2,2017-04
광주,어린이보호,2,2017-04
광주,어린이보호,2,2017-04
광주,어린이보호,2,2017-04
광주,어린이보호,2,2017-04
광주,어린이보호,2,2017-04
광주,어린이보호,2,2017-04
광주,어린이보호,2,2017-01
광주,어린이보호,2,2017-04
광주,어린이보호,2,2017-01
광주,어린이보호,2,2017-04
광주,어린이보호,2,2017-11
광주,어린이보호,2,2017-01
광주,어린이보호,2,2017-11
광주,어린이보호,1,2017-09
광주,어린이보호,2,2017-09
광주,어린이보호,2,2017-11
광주,어린이보호,2,2017-11
광주,어린이보호,2,2017-07
광주,어린이보호,2,2017-09
광주,어린이보호,2,2017-04
광주,어린이보호,1,2017-04
광주,어린이보호,2,2017-01
광주,어린이보호,2,2017-01
광주,어린이보호,2,2017-04
광주,어린이보호,2,2017-04
광주,어린이보호,2,2017-04
광주,어린이보호,2,2017-04
광주,어린이보호,2,2017-04
광주,어린이보호,2,2017-04
광주,어린이보호,2,2017-11
광주,어린이보호,2,2017-04
광주,어린이보호,2,2017-01
광주,어린이보호,2,2017-09
광주,어린이보호,3,2017-04
광주,어린이보호,2,2017-04
광주,어린이보호,3,2017-04
광주,어린이보호,2,2017-01
광주,어린이보호,2,2017-01
광주,어린이보호,2,2017-11
광주,어린이보호,2,2017-04
광주,어린이보호,1,2017-04
광주,어린이보호,1,2017-04
광주,어린이보호,2,2017-04
광주,어린이보호,1,2017-04
광주,어린이보호,2,2017-09
광주,어린이보호,2,2017-01
광주,어린이보호,1,2017-04
광주,어린이보호,1,2017-04
광주,어린이보호,1,2017-04
광주,어린이보호,2,2017-01
광주,어린이보호,2,2017-01
광주,어린이보호,1,2017-09
광주,어린이보호,2,2017-01
광주,어린이보호,2,2017-01
광주,어린이보호,2,2017-01
광주,어린이보호,2,2017-04
광주,어린이보호,2,2017-01
광주,어린이보호,2,2017-04
광주,어린이보호,2,2017-01
광주,어린이보호,2,2017-04
광주,어린이보호,2,2017-04
광주,어린이보호,2,2017-04
광주,어린이보호,2,2017-01
광주,어린이보호,2,2017-04
광주,어린이보호,2,2017-04
광주,어린이보호,2,2017-01
광주,어린이보호,2,2017-04
광주,어린이보호,2,2017-09
광주,어린이보호,2,2017-01
광주,어린이보호,1,2017-04
광주,어린이보호,2,2017-04
광주,어린이보호,2,2017-01
광주,어린이보호,2,2017-11
광주,어린이보호,2,2017-04
광주,어린이보호,1,2017-04
광주,어린이보호,1,2017-04
광주,어린이보호,2,2017-09
광주,어린이보호,2,2017-11
광주,어린이보호,2,2017-04
광주,어린이보호,2,2017-01
광주,어린이보호,2,2017-01
광주,어린이보호,2,2017-01
광주,어린이보호,2,2017-01
광주,어린이보호,2,2017-01
광주,어린이보호,2,2017-01
광주,어린이보호,2,2017-01
광주,어린이보호,2,2017-01
광주,어린이보호,2,2017-01
광주,어린이보호,2,2017-01
광주,어린이보호,2,2017-01
광주,어린이보호,2,2017-01
광주,어린이보호,1,2017-11
광주,어린이보호,1,2017-11
광주,어린이보호,1,2017-11
광주,어린이보호,2,2017-02
광주,어린이보호,2,2017-02
광주,어린이보호,2,2017-02
광주,어린이보호,2,2017-02
광주,어린이보호,2,2017-12
광주,어린이보호,2,2017-12
광주,어린이보호,2,2017-12
광주,어린이보호,2,2017-12
광주,어린이보호,2,2017-12
광주,어린이보호,2,2017-12
광주,어린이보호,2,2017-12
광주,어린이보호,2,2017-12
광주,어린이보호,2,2017-12
광주,어린이보호,2,2017-12
광주,어린이보호,2,2017-12
광주,어린이보호,2,2017-12
광주,어린이보호,2,2017-12
광주,어린이보호,2,2017-12
광주,어린이보호,2,2017-09
광주,어린이보호,2,2017-09
광주,어린이보호,2,2017-09
광주,어린이보호,2,2017-09
광주,어린이보호,2,2017-09
광주,어린이보호,2,2017-09
광주,어린이보호,2,2017-09
광주,어린이보호,2,2017-09
광주,어린이보호,2,2017-09
광주,어린이보호,2,2017-09
광주,어린이보호,2,2017-09
광주,어린이보호,2,2017-09
광주,어린이보호,2,2017-09
광주,어린이보호,2,2017-09
광주,어린이보호,2,2017-09
광주,어린이보호,1,2017-04
광주,어린이보호,2,2017-01
광주,어린이보호,2,2017-11
광주,어린이보호,2,2017-01
광주,어린이보호,2,2017-04
광주,어린이보호,2,2017-09
광주,어린이보호,2,2017-09
광주,어린이보호,2,2017-09
광주,어린이보호,2,2017-04
광주,어린이보호,1,2017-04
광주,어린이보호,1,2017-04
광주,어린이보호,1,2017-04
광주,어린이보호,1,2017-04
광주,어린이보호,2,2017-01
광주,생활방범,3,2017-04
광주,생활방범,2,2017-04
광주,생활방범,2,2017-04
광주,생활방범,3,2017-04
광주,생활방범,6,2017-01
광주,생활방범,2,2017-01
광주,생활방범,2,2017-09
광주,생활방범,2,2017-07
광주,생활방범,2,2017-07
광주,생활방범,2,2017-07
광주,생활방범,2,2017-05
광주,생활방범,2,2017-02
광주,생활방범,2,2017-02
광주,생활방범,2,2017-10
광주,생활방범,2,2017-08
광주,생활방범,2,2017-08
광주,생활방범,2,2017-08
광주,생활방범,2,2017-08
광주,생활방범,2,2017-08
광주,생활방범,2,2017-10
광주,생활방범,2,2017-10
광주,생활방범,2,2017-10
광주,생활방범,2,2017-10
광주,생활방범,2,2017-10
광주,생활방범,2,2017-10
광주,생활방범,2,2017-10
광주,생활방범,2,2017-10
광주,생활방범,2,2017-10
광주,생활방범,2,2017-10
광주,생활방범,2,2017-10
광주,생활방범,2,2017-10
광주,생활방범,2,2017-10
광주,생활방범,2,2017-10
광주,생활방범,2,2017-10
광주,생활방범,2,2017-10
광주,생활방범,2,2017-10
광주,생활방범,2,2017-10
광주,생활방범,2,2017-09
광주,생활방범,2,2017-09
광주,생활방범,2,2017-09
광주,생활방범,2,2017-09
광주,생활방범,2,2017-09
광주,생활방범,2,2017-09
광주,생활방범,2,2017-10
광주,생활방범,2,2017-10
광주,생활방범,2,2017-10
광주,생활방범,2,2017-10
광주,생활방범,2,2017-12
광주,생활방범,2,2017-12
광주,생활방범,2,2017-12
광주,생활방범,2,2017-10
광주,생활방범,2,2017-08
광주,생활방범,2,2017-01
광주,생활방범,2,2017-01
광주,생활방범,2,2017-01
광주,생활방범,2,2017-01
광주,생활방범,2,2017-01
광주,생활방범,2,2017-01
광주,생활방범,2,2017-01
광주,생활방범,2,2017-01
광주,생활방범,2,2017-01
광주,생활방범,2,2017-01
광주,생활방범,2,2017-01
광주,생활방범,2,2017-01
광주,생활방범,2,2017-01
광주,생활방범,2,2017-01
광주,생활방범,2,2017-01
광주,생활방범,2,2017-01
광주,생활방범,2,2017-01
광주,생활방범,2,2017-01
광주,생활방범,2,2017-01
광주,생활방범,2,2017-01
광주,생활방범,2,2017-03
광주,생활방범,2,2017-01
광주,생활방범,2,2017-01
광주,생활방범,2,2017-01
광주,생활방범,2,2017-01
광주,생활방범,2,2017-01
광주,생활방범,2,2017-01
광주,생활방범,1,2017-01
광주,생활방범,2,2017-01
광주,생활방범,2,2017-01
광주,생활방범,2,2017-01
광주,생활방범,2,2017-01
광주,생활방범,2,2017-01
광주,생활방범,2,2017-01
광주,생활방범,2,2017-01
광주,생활방범,2,2017-01
광주,생활방범,2,2017-01
광주,생활방범,2,2017-01
광주,생활방범,1,2017-01
광주,생활방범,2,2017-01
광주,어린이보호,2,2017-04
광주,어린이보호,1,2017-04
광주,어린이보호,1,2017-04
광주,어린이보호,2,2017-09
광주,어린이보호,3,2017-04
광주,어린이보호,2,2017-11
광주,어린이보호,2,2017-01
광주,어린이보호,2,2017-04
광주,어린이보호,2,2017-04
광주,어린이보호,2,2017-04
광주,어린이보호,2,2017-11
광주,어린이보호,2,2017-11
광주,어린이보호,2,2017-01
광주,어린이보호,2,2017-09
광주,어린이보호,2,2017-04
광주,생활방범,1,2017-01
광주,생활방범,2,2017-01
광주,생활방범,2,2017-01
광주,생활방범,2,2017-01
광주,생활방범,2,2017-01
광주,생활방범,2,2017-01
광주,생활방범,2,2017-01
광주,생활방범,2,2017-01
광주,생활방범,2,2017-01
광주,생활방범,2,2017-01
광주,생활방범,2,2017-01
광주,생활방범,2,2017-01
광주,생활방범,2,2017-01
광주,생활방범,2,2017-01
광주,생활방범,2,2017-01
광주,생활방범,2,2017-01
광주,생활방범,2,2017-01
광주,생활방범,2,2017-01
광주,생활방범,2,2017-01
광주,생활방범,2,2017-01
광주,생활방범,2,2017-03
광주,생활방범,2,2017-01
광주,생활방범,2,2017-01
광주,생활방범,2,2017-01
광주,생활방범,2,2017-01
광주,생활방범,2,2017-01
광주,생활방범,2,2017-01
광주,생활방범,2,2017-01
광주,생활방범,2,2017-01
광주,생활방범,2,2017-01
광주,생활방범,2,2017-01
광주,생활방범,2,2017-01
광주,생활방범,2,2017-01
광주,생활방범,2,2017-01
광주,생활방범,2,2017-01
광주,생활방범,2,2017-09
광주,생활방범,2,2017-01
광주,생활방범,2,2017-01
광주,생활방범,2,2017-01
광주,생활방범,2,2017-01
광주,생활방범,2,2017-01
광주,생활방범,2,2017-01
광주,생활방범,2,2017-03
광주,생활방범,2,2017-01
광주,생활방범,2,2017-01
광주,생활방범,2,2017-01
광주,생활방범,2,2017-01
광주,생활방범,2,2017-01
광주,생활방범,2,2017-01
광주,생활방범,2,2017-01
광주,생활방범,2,2017-01
광주,생활방범,2,2017-01
광주,생활방범,2,2017-01
광주,생활방범,2,2017-01
광주,생활방범,2,2017-01
광주,생활방범,2,2017-01
광주,생활방범,1,2017-01
광주,생활방범,2,2017-01
광주,생활방범,2,2017-01
광주,생활방범,2,2017-01
광주,생활방범,2,2017-01
광주,생활방범,2,2017-01
광주,생활방범,2,2017-01
광주,생활방범,2,2017-01
광주,생활방범,2,2017-01
광주,생활방범,2,2017-01
광주,생활방범,2,2017-01
광주,생활방범,2,2017-01
광주,생활방범,2,2017-01
광주,생활방범,1,2017-04
광주,생활방범,2,2017-01
광주,생활방범,2,2017-01
광주,생활방범,2,2017-01
광주,생활방범,2,2017-01
광주,생활방범,2,2017-01
광주,생활방범,2,2017-01
광주,생활방범,2,2017-01
광주,생활방범,2,2017-01
광주,생활방범,2,2017-01
광주,생활방범,2,2017-01
광주,생활방범,2,2017-01
광주,생활방범,2,2017-01
광주,생활방범,2,2017-01
광주,생활방범,2,2017-01
광주,생활방범,2,2017-01
광주,생활방범,2,2017-01
광주,생활방범,2,2017-01
광주,생활방범,2,2017-01
광주,생활방범,2,2017-01
광주,생활방범,2,2017-01
광주,생활방범,2,2017-01
광주,생활방범,2,2017-01
광주,생활방범,2,2017-01
광주,생활방범,1,2017-01
광주,생활방범,2,2017-01
광주,생활방범,2,2017-01
광주,생활방범,2,2017-01
광주,생활방범,2,2017-01
광주,생활방범,2,2017-01
광주,생활방범,2,2017-01
광주,생활방범,2,2017-01
광주,생활방범,2,2017-01
광주,생활방범,2,2017-01
광주,생활방범,2,2017-01
광주,생활방범,2,2017-01
광주,생활방범,1,2017-01
광주,생활방범,2,2017-01
광주,생활방범,2,2017-01
광주,생활방범,3,2017-01
광주,생활방범,2,2017-01
광주,생활방범,2,2017-01
광주,생활방범,2,2017-01
광주,생활방범,2,2017-01
광주,생활방범,2,2017-01
광주,생활방범,2,2017-01
광주,생활방범,2,2017-01
광주,생활방범,2,2017-01
광주,생활방범,2,2017-01
광주,생활방범,2,2017-01
광주,생활방범,2,2017-01
광주,생활방범,2,2017-01
광주,어린이보호,2,2017-01
광주,생활방범,2,2017-01
광주,생활방범,2,2017-01
광주,생활방범,2,2017-09
광주,생활방범,2,2017-08
광주,생활방범,2,2017-01
광주,어린이보호,2,2017-01
광주,생활방범,2,2017-01
광주,어린이보호,2,2017-01
광주,어린이보호,2,2017-01
광주,어린이보호,2,2017-12
광주,어린이보호,2,2017-04
광주,생활방범,2,2017-05
광주,재난재해,1,
광주,어린이보호,2,2017-04
광주,어린이보호,2,2017-01
광주,어린이보호,2,2017-01
광주,생활방범,2,2017-01
광주,어린이보호,2,2017-04
광주,어린이보호,2,2017-04
광주,생활방범,2,2017-01
광주,어린이보호,2,2017-04
광주,어린이보호,2,2017-11
광주,생활방범,2,2017-01
광주,어린이보호,2,2017-01
광주,생활방범,2,2017-01
광주,생활방범,2,2017-09
광주,생활방범,2,2017-09
광주,생활방범,2,2017-09
광주,어린이보호,2,2017-02
광주,어린이보호,2,2017-09
광주,어린이보호,2,2017-01
광주,생활방범,2,2017-01
광주,생활방범,2,2017-01
광주,어린이보호,2,2017-11
광주,어린이보호,1,2017-09
광주,어린이보호,2,2017-09
광주,어린이보호,2,2017-11
광주,어린이보호,2,2017-04
광주,생활방범,2,2017-01
광주,어린이보호,2,2017-01
광주,생활방범,2,2017-01
광주,어린이보호,2,2017-11
광주,어린이보호,2,2017-01
광주,재난재해,1,
광주,생활방범,2,2017-01
광주,어린이보호,2,2017-07
광주,생활방범,2,2017-01
광주,어린이보호,2,2017-01
광주,생활방범,2,2017-03
광주,어린이보호,2,2017-01
광주,어린이보호,2,2017-09
광주,어린이보호,2,2017-09
광주,어린이보호,2,2017-04
광주,어린이보호,1,2017-04
광주,어린이보호,2,2017-01
광주,생활방범,2,2017-01
광주,생활방범,2,2017-01
광주,생활방범,2,2017-01
광주,생활방범,2,2017-01
